"Sub Category Name","Sub Category Code","Category Name","Category Code","Item Name","Item Code"
"276-Bisc-Cookie Jar","276","145-Biscuit","145",All Time Cookies Biscuit 350g Jar,"102301"
"277-Bisc-Cookie","277","145-Biscuit","145",Pran Peanut Cookie Biscuit 70g,"102226"
"277-Bisc-Cookie","277","145-Biscuit","145",PRAN Coconut Cookies Biscuit 70g,"102227"
"277-Bisc-Cookie","277","145-Biscuit","145",Pran Vanilla Cookies Bis70gX36,"102228"
"281-Tst-Trad","281","147-Toast","147",Bake master Special Toast 350 Gm X 12pcs,"102287"
"275-Bisc-Nuts","275","145-Biscuit","145",Pran Butter Delight Biscuit 70 Gm (Ltd Pack) X 4,"102381"
"275-Bisc-Nuts","275","145-Biscuit","145",Pran Peanut Biscuit 70 Gm  (Ltd Pack) X 48 Pcs-C,"102382"
"275-Bisc-Nuts","275","145-Biscuit","145",Pran Jeera Biscuit 70 Gm  (Ltd Pack) X 48 Pcs-Ct,"102383"
"275-Bisc-Nuts","275","145-Biscuit","145",Pran Cashew Nut Biscuit 70 Gm (Ltd Pack) X 48 Pc,"102384"
"275-Bisc-Nuts","275","145-Biscuit","145",Pran Pista Almond Biscuit 70 Gm  (Ltd Pack) X 48,"102385"
"275-Bisc-Nuts","275","145-Biscuit","145",PRAN Butter Cookies Biscuit 70g Combo,"102386"
"275-Bisc-Nuts","275","145-Biscuit","145",PRAN Peanut Biscuit 70g Combo,"102387"
"275-Bisc-Nuts","275","145-Biscuit","145",Pran Jeera Biscuit 70 Gm  X 8 Pcs X 6 Comboo,"102388"
"275-Bisc-Nuts","275","145-Biscuit","145",PRAN Pista Almond Biscuit 70g Combo,"102389"
"275-Bisc-Nuts","275","145-Biscuit","145",PRAN Cashew Nut Biscuit 70g Combo,"102390"
"272-Bisc-Cream","272","145-Biscuit","145",Pran Vanilla Falvoured Cream Biscuit (90gm X 24),"102229"
"272-Bisc-Cream","272","145-Biscuit","145",Pran Coconut Flavoured Cream Biscuit (90gm 24),"102230"
"275-Bisc-Nuts","275","145-Biscuit","145",PRAN Cumin Fla Biscuit (70gmX12pcs X8 Box),"102303"
"271-Bisc-Potato","273","145-Biscuit","145",Potata Spicy Biscuit 100g 24pcs ATC,"102267"
"271-Bisc-Potato","273","145-Biscuit","145",PRAN Potata Spicy Biscuit 50g 24pcs ATC,"102325"
"272-Bisc-Cream","272","145-Biscuit","145",Bisk Club Cream Biscuit Orange 90g,"102208"
"272-Bisc-Cream","272","145-Biscuit","145",Bisk Club Cream Biscuit P.Apple 90g,"102209"
"272-Bisc-Cream","272","145-Biscuit","145",Bisk Club Cream Biscuit Chocolate 90g,"102210"
"272-Bisc-Cream","272","145-Biscuit","145",Bisk Club Cream Biscuit S.Berry 90g,"102211"
"272-Bisc-Cream","272","145-Biscuit","145",PRAN Cream Biscuit P.Apple 95g,"102246"
"274-Bisc-Cracker","274","145-Biscuit","145",Fit Crackers (12 Pak Ctn),"102281"
"274-Bisc-Cracker","274","145-Biscuit","145",Fit Crackers 70gm/96 Pcs,"102282"
"290-DCake-B.Club","290","146-Bakery","146",Bisk Club Dry Cake 300g,"102205"
"290-DCake-B.Club","290","146-Bakery","146",Bisk club DRY Cake Biscuit(L.Pack  40x100),"102206"
"290-DCake-B.Club","290","146-Bakery","146",Bisk Club Dry Cake 120g,"102207"
"292-DCake-PRAN","292","146-Bakery","146",PRAN Dry Cake 300g,"102203"
"292-DCake-PRAN","292","146-Bakery","146",PRAN Dry Cake 120g,"102225"
"281-Tst-Trad","281","147-Toast","147",Bake master Sweet Toast 350 Gm X 12pcs,"102288"
"280-Tst-M.Cut","280","147-Toast","147",Bisk Club Rusk Kit 330g,"102212"
"280-Tst-M.Cut","280","147-Toast","147",PRAN Fresh Rusk 350g,"102216"
"281-Tst-Trad","281","147-Toast","147",PRAN Special Toast 300g,"109107"
"281-Tst-Trad","281","147-Toast","147",PRAN Sweet Toast 300g,"109109"
"280-Tst-M.Cut","280","147-Toast","147",PRAN Delight Toast 250g,"109111"
"300-Wafer","300","146-Bakery","146",PRAN Crunchy Wafer Orange 150g,"107676"
"300-Wafer","300","146-Bakery","146",PRAN Crunchy Wafer Choco 150g,"107677"
"300-Wafer","300","146-Bakery","146",PRAN Crunchy Wafer S.Berry 150g,"107678"
"300-Wafer","300","146-Bakery","146",PRAN Crunchy Wafer Milk 150g,"107679"
"405-ECLAIR","405","160-Confec","160",TREAT Eclair Moon Shape 280g,"103074"
"404-C BEAN","404","160-Confec","160",Traditional Henmans Butter Scotch 250 Gm (Pouch,"103064"
"416-C.Paste","416","160-Confec","160",PRAN Choco Choco Paste 10g,"103084"
"405-ECLAIR","405","160-Confec","160","2 in 1 Éclair Big Heart 5g 130pcs","103052"
"412-Surp Egg","412","160-Confec","160",Premio Paradise 15g 6pcs,"103073"
"408-Conf-Oth","408","160-Confec","160",PRAN Fruit Fill Mango 4g 150pcs,"103022"
"408-Conf-Oth","408","160-Confec","160",PRAN Fruit Fill Strawbary 4g 150pcs,"103023"
"407-GUM","407","160-Confec","160",PRAN FRUITFIL LYCHEE CHEWING GUM 4GMS X 150PCS X,"103075"
"402-CANDY","402","160-Confec","160",PRAN Hojom Candy 4g (350 X 12)Pcs,"103027"
"402-CANDY","402","160-Confec","160",Pran Pulse Mango Candy 4 gm X 150 Pcs X 15 Jar,"103079"
"402-CANDY","402","160-Confec","160",Pran Pulse Guava Candy 4 gm X 150 Pcs X 15 Jar,"103080"
"402-CANDY","402","160-Confec","160",Pran Pulse Tamarind Candy 4 gm X 150 Pcs X 15 Ja,"103097"
"409-LOLIPOP","409","160-Confec","160",Loly Pop 10gm 150pcs Jar,"103030"
"409-LOLIPOP","409","160-Confec","160",Mega Lollypop 8Gm 15pcs,"103049"
"550-Semai","550","130-SN-BD","130",Lachcha Semai 160gm/40pcs,"107113"
"550-Semai","550","130-SN-BD","130",Vermichili Semai 200gm X 24 Pck,"107115"
"262-M.Oil-Mughal","262","140-M.Oil","140",Mughal Mustard Oil 200ml,"107206"
"262-M.Oil-Mughal","262","140-M.Oil","140",Mughal Mustard Oil 400ml,"107207"
"260-M.Oil-PRAN","260","140-M.Oil","140",PRAN Mustard Oil 1000ml (12pcs),"107201"
"260-M.Oil-PRAN","260","140-M.Oil","140",PRAN Mustard Oil 200ml,"107202"
"260-M.Oil-PRAN","260","140-M.Oil","140",PRAN Mustard Oil 400ml,"107204"
"540-Pkl","540","180-HH-Food","180",Mixed Pickel Mughal12pcs-Ctn,"107316"
"540-Pkl","540","180-HH-Food","180",Pran Chilli Pickle  (Glass Jar) 370gm X 12,"107324"
"520-Sauce","520","180-HH-Food","180",Pran Hot Tomato Sauce (Glass Bottle) 340gm X 12,"107331"
"520-Sauce","520","180-HH-Food","180",Pran Hot Chilli Sauce 340g,"107333"
"520-Sauce","520","180-HH-Food","180",Pran Hot Tomato Sauce 3000 Gm X 4 Pcs,"107332"
"480-S.Ind Pkl","480","180-HH-Food","180",PRAN MANGO PICKLE (SOUTH INDIAN RECIPE),"107319"
"480-S.Ind Pkl","480","180-HH-Food","180",PRAN MIXED PICKLE (SOUTH INDIAN RECIPE),"107320"
"480-S.Ind Pkl","480","180-HH-Food","180",PRAN LIME PICKLE (SOUTH INDIAN RECIPE),"107321"
"480-S.Ind Pkl","480","180-HH-Food","180",PRAN CHILLI PICKLE (SOUTH INDIAN RECIPE),"107322"
"480-S.Ind Pkl","480","180-HH-Food","180",PRAN GARLIC PICKLE (SOUTH INDIAN RECIPE),"107323"
"330-Spc Jar","330","150-Spc","150",PRAN Chilli Powder 200g Jar,"105105"
"330-Spc Jar","330","150-Spc","150",PRAN Coriender Powder 200g Jar,"105112"
"330-Spc Jar","330","150-Spc","150",PRAN Cumin Powder 200g Jar,"105116"
"330-Spc Jar","330","150-Spc","150",PRAN Curry Powder 200g Jar,"105120"
"330-Spc Jar","330","150-Spc","150",PRAN Turmaric Powder 200g Jar,"105133"
"330-Spc Jar","330","150-Spc","150",PRAN Fish Curry Powder 200g Jar,"105176"
"330-Spc Jar","330","150-Spc","150",PRAN Meat Curry Powder 200g Jar,"105177"
"390-Spc Whl","390","150-Spc","150",PRAN Bay Leaf Foil Pack 30g Pack,"104203"
"320-Spc Pch","320","150-Spc","150",PRAN Chilli Powder 1000g Pouch,"105101"
"320-Spc Pch","320","150-Spc","150",Coriander Powder 1000gm(6pcs),"105107"
"320-Spc Pch","320","150-Spc","150",PRAN Cumin Powder 70g Pouch,"105115"
"360-Spc-Parer Pack","360","150-Spc","150",Pran Curry Powder 200gm/24pac,"105119"
"320-Spc Pch","320","150-Spc","150",Fish Curry(200gmx24),"105122"
"320-Spc Pch","320","150-Spc","150",Fish Masala 100gm/24pc-Ctn,"105123"
"320-Spc Pch","320","150-Spc","150",PRAN Turmeric Powder 1000g Pouch,"105135"
"390-Spc Whl","390","150-Spc","150",Whole Dry Chilli 100gm/40pc-Ctn,"105136"
"320-Spc Pch","320","150-Spc","150",Coriander Powder 25gm (160 pcs),"105142"
"320-Spc Pch","320","150-Spc","150",Turmeric Powder 25gm (160 pcs),"105143"
"320-Spc Pch","320","150-Spc","150",Cumin Powder 25gm (160 pcs),"105144"
"320-Spc Pch","320","150-Spc","150",Curry Powder 25gm (160 pcs),"105145"
"320-Spc Pch","320","150-Spc","150",Meat Curry Powder 25gm (160 pcs),"105146"
"320-Spc Pch","320","150-Spc","150",Fish Curry Powder 25gm (160 pcs),"105147"
"320-Spc Pch","320","150-Spc","150",PRAN Meat Curry 1000g Pouch,"105162"
"320-Spc Pch","320","150-Spc","150",Pran Chicken Roast Masala  50g,"105173"
"360-Spc-Parer Pack","360","150-Spc","150",Achar Gosht Masala (P.Pk) 50Gm X 24Pcs,"105174"
"360-Spc-Parer Pack","360","150-Spc","150",PRAN Bombay Biriyani Masala 50g,"105175"
"110-PRANUP","110","116-CSD","116",PRAN Up 500ml,"105617"
"110-PRANUP","110","116-CSD","116",Pran Up (Pet) 2000Ml X 6Pcs,"105671"
"112-Tango","112","116-CSD","116",Tango Mango 500ml Pet,"105634"
"010-LD","010","105-DR-LD","105",PRAN Litchi Drinks 285ml,"105620"
"675-DR Oth","052","107-DR-Oth","107",PRAN Ice Tea Lemon 500ml,"105623"
"675-DR Oth","052","107-DR-Oth","107",PRAN Jus Asam Jawa 260ml,"106115"
"015-DRINKO","012","105-DR-LD","105",Drinko Float Litchi Drink 250ml,"105679"
"015-DRINKO","012","105-DR-LD","105",Drinko Float P.Apple Drink 250ml,"105680"
"675-DR Oth","052","107-DR-Oth","107",PRAN Alovera Fresh Fruit Drink 500ml,"106506"
"675-DR Oth","052","107-DR-Oth","107",Orange Plus Powder Drink 500 Gm Jar  X 18 Jar,"105673"
"675-DR Oth","052","107-DR-Oth","107",Sipco Powder Drink (Orange Flavor) 200 Gm X 24 B,"105803"
"675-DR Oth","052","107-DR-Oth","107",Sipco Powder Drink (Orange Flavor) 500 Gm X 8jar,"105804"
"675-DR Oth","052","107-DR-Oth","107",Sipco Powder Drink (Orange Flavor) 1000 Gm X 6ja,"105805"
"675-DR Oth","052","107-DR-Oth","107",Sipco Powder Drink (Mango Flavor) 200 Gm X 24 Bo,"105807"
"675-DR Oth","052","107-DR-Oth","107",Sipco Powder Drink (Mango Flavor) 500 Gm X 8jar,"105808"
"675-DR Oth","052","107-DR-Oth","107",Sipco Powder Drink (Mango Flavor) 1000 Gm X 6jar,"105809"
"080-Power- Pet","080","115-VitaPower","115",Power Energy Drink 250ml Pet,"105618"
"060-Frooto","060","110-JU-PET","110",Frooto Mango Juice 1000ml,"106501"
"060-Frooto","060","110-JU-PET","110",Frooto Mango Juice 250ml,"106503"
"060-Frooto","060","110-JU-PET","110",Frooto Mango Juice 500ml,"106505"
"062-Jus Mangga","062","110-JU-PET","110",Jus Mangga Mango 330ml,"106201"
"062-Jus Mangga","062","110-JU-PET","110",Orange Juice 330ml,"106202"
"062-Jus Mangga","062","110-JU-PET","110",Apple Juice 330ml,"106203"
"062-Jus Mangga","062","110-JU-PET","110",Jus Apple 1000ml Pet Bottle,"106301"
"062-Jus Mangga","062","110-JU-PET","110",Jus Mangga 1000ml Pet,"106302"
"062-Jus Mangga","062","110-JU-PET","110",Jus Oren 1000ml Pet,"106303"
"062-Jus Mangga","062","110-JU-PET","110",Jus Fruit Cocktail 1000ml Pet,"106307"
"067-Value Pack","067","110-JU-PET","110",Value Pack 1000 ml ( 3 Pcs),"106304"
"067-Value Pack","067","110-JU-PET","110",Value Pack (Assorted),"106305"
"067-Value Pack","067","110-JU-PET","110",Value Pack 1500  X 2 X 3 (Pet Bottle),"106306"
"067-Value Pack","067","110-JU-PET","110",Jus Mangga Value Pack 1500 ml X 2 X 4 (Pet),"106309"
"043-Can-PRAN","043","111-JU-Can","111",Pomegranate CAN 250ml/24pcs-Ctn,"102418"
"071-JU-Pak Family","071","112-JU-Pak","112",PRAN Apple Juice Drink 1000ml TP,"108112"
"071-JU-Pak Family","071","112-JU-Pak","112",PRAN Fruit Cocktail Drink 1000ml TP,"108113"
"071-JU-Pak Family","071","112-JU-Pak","112",PRAN Mango Premium Drink 1000ml TP,"108114"
"071-JU-Pak Family","071","112-JU-Pak","112",PRAN Orange 1000ml Drink TP,"108115"
"071-JU-Pak Family","071","112-JU-Pak","112",PRAN Apple Juice Tp 1000ml/12pc-Ctn,"108102"
"071-JU-Pak Family","071","112-JU-Pak","112",PRAN Fruit Cocktail 1000ml/12pcs-Ctn,"108103"
"071-JU-Pak Family","071","112-JU-Pak","112",PRAN Guava TP 1000ml/12pcs-Ctn,"108104"
"071-JU-Pak Family","071","112-JU-Pak","112",PRAN Litchi Drink 1000ml TP,"108105"
"071-JU-Pak Family","071","112-JU-Pak","112",PRAN Mango Premium 1000ml/12pcs-Ctn,"108106"
"071-JU-Pak Family","071","112-JU-Pak","112",PRAN Orange TP 1000ml/12pcs-Ctn,"108108"
"071-JU-Pak Family","071","112-JU-Pak","112",PRAN Pineapple TP 1000ml/12pc-Ctn,"108109"
"071-JU-Pak Family","071","112-JU-Pak","112",PRAN Tamarind TP 1000ml/12 Pcs-Ctn,"108110"
"130-Lassi","120","120-Dairy","120",PRAN Lassi 200ml TP,"108295"
"070-JU-Pak-Sserve","070","112-JU-Pak","112",PRAN Apple Drink 250ml TP,"108505"
"070-JU-Pak-Sserve","070","112-JU-Pak","112",PRAN Fruit Cocktail Drink 250ml TP,"108506"
"070-JU-Pak-Sserve","070","112-JU-Pak","112",PRAN Mango Premium Drink 250ml TP,"108507"
"070-JU-Pak-Sserve","070","112-JU-Pak","112",PRAN Orange Drink 250ml TP,"108508"
"070-JU-Pak-Sserve","070","112-JU-Pak","112",PRAN Lychee Drink 250ml TP,"108510"
"070-JU-Pak-Sserve","070","112-JU-Pak","112",PRAN Pine Apple Drink 250ml TP,"108511"
"651-Garments","651","620-HH-Non Food","620",Kidstar Baby Diaper Jumbo Pack (6-11kg) M (42pcs,"378752"
"651-Garments","651","620-HH-Non Food","620",Kidstar Baby Diaper Jumbo Pack (12-25kg) Xl (30p,"378754"
"100-RFL Plastic","600","620-HH-Non Food","620",Classic Bucket 16L Red,"803469"
"100-RFL Plastic","600","620-HH-Non Food","620",Rainbow Container 7 Pcs Set - Trans,"86848"
"100-RFL Plastic","600","620-HH-Non Food","620",Family Basket X 3 Pcs,"87036"
"100-RFL Plastic","600","620-HH-Non Food","620",Container-Food Lock-Trans-680ml,"87821"
"100-RFL Plastic","600","620-HH-Non Food","620",Square Disposable Cont 3 Pcs Set-Assorted,"911001"
"100-RFL Plastic","600","620-HH-Non Food","620",Round Disposable container 3 pcs set-Assorted,"911003"
"100-RFL Plastic","600","620-HH-Non Food","620",Comba Glass 6 piece ste,"911691"
"100-RFL Plastic","600","620-HH-Non Food","620",Jambu Water Bottle - Assorted,"911711"
"100-RFL Plastic","600","620-HH-Non Food","620",Snacks Box - Assorted,"911718"
"100-RFL Plastic","600","620-HH-Non Food","620",Straight Handle Mug 1.5L - Assorted,"911764"
"100-RFL Plastic","600","620-HH-Non Food","620",Dust Pan with Brush,"91219"
"100-RFL Plastic","600","620-HH-Non Food","620",Rubber Dust Pan - Assorted,"912701"
"100-RFL Plastic","600","620-HH-Non Food","620",Classic Round Container 5 Pcs Set-Assorted,"915332"
"100-RFL Plastic","600","620-HH-Non Food","620",Rtg Conservers 1.3L 3 Pcs Set - Assorted,"915522"
"100-RFL Plastic","600","620-HH-Non Food","620",Double Cavity Conservers 1.3L 3Pcs Set,"915527"
"100-RFL Plastic","600","620-HH-Non Food","620",Fresco Cont Sq .80L with valve - Assorted,"915647"
"100-RFL Plastic","600","620-HH-Non Food","620",Aqua Water Bottle 1000 Ml-Assorted,"925529"
"200-Jh Muri","200","130-SN-BD","130",PRAN Jhal Muri 120g,"107505"
"200-Jh Muri","200","130-SN-BD","130",PRAN Jhal Muri 60g,"107507"
"631-Flattened","451","170-Rice","170",PRAN Flattened Rice 200g,"107501"
"631-Flattened","451","170-Rice","170",PRAN Flattened Rice 400g,"107503"
"190-Muri","190","130-SN-BD","130",PRAN Puffed Rice 200g,"107516"
"190-Muri","190","130-SN-BD","130",PRAN Puffed Rice 400g,"107517"
"190-Muri","190","130-SN-BD","130",Mughal Puffed Rice 400gm/20 pk-Bag,"107519"
"450-Aromatic Rice","450","170-Rice","170",PRAN Chinigura ( Beras Wangi) 1kg X25p,"101201"
"160-Cnr Nrm","160","130-SN-BD","130",PRAN BBQ Chanachur 60g Pack,"104121"
"160-Cnr Nrm","160","130-SN-BD","130",PRAN Barbeque Chanachur 120gm X 48 Pcs Ctn,"104122"
"160-Cnr Nrm","160","130-SN-BD","130",PRAN Barbeque Chanachur 250gm X 24 Pcs Ctn,"104123"
"170-Cnr Hot","170","130-SN-BD","130",Chanachur 120gm/48pc-Ctn- HOT,"104111"
"170-Cnr Hot","170","130-SN-BD","130",Chanachur 250gm/24pc-Ctn- HOT,"104113"
"170-Cnr Hot","170","130-SN-BD","130",PRAN Hot Chanachur 50g Pack,"104117"
"240-Cup Ndl","240","135-SN-GLB","135",Mr. Noodles Chicken 40g Cup,"107664"
"240-Cup Ndl","240","135-SN-GLB","135",Mr. Noodles Cury 40g Cup,"107665"
"240-Cup Ndl","240","135-SN-GLB","135",Canton Noodles Curry 60g Cup,"107748"
"210-Fried Snacks","210","130-SN-BD","130",Dal Vaja 25gm/300pac-Ctn,"107602"
"210-Fried Snacks","210","130-SN-BD","130",PRAN Motor Vaja 30g,"107603"
"180-ChipsBD","180","130-SN-BD","130",PRAN Potato Crackers 25g,"107607"
"180-ChipsBD","180","130-SN-BD","130",PRAN Potato Crackers 60g,"107613"
"180-ChipsBD","180","130-SN-BD","130",PRAN Potato Crackers Tomato 60g,"107617"
"020-Basil-PRAN","020","106-DR-Basil","106",PRAN Basil Seed Mango 290ml,"105641"
"020-Basil-PRAN","020","106-DR-Basil","106",PRAN Basil Seed Orange 290ml,"105642"
"020-Basil-PRAN","020","106-DR-Basil","106",PRAN Basil Seed P.Apple 290ml,"105643"
"020-Basil-PRAN","020","106-DR-Basil","106",PRAN Basil Seed Cocktail 290ml,"105644"
"020-Basil-PRAN","020","106-DR-Basil","106",PRAN Basil Seed S.Berry 290ml,"105645"
"020-Basil-PRAN","020","106-DR-Basil","106",PRAN Basil Seed Litchi 290ml,"105646"
"020-Basil-PRAN","020","106-DR-Basil","106",PRAN Basil Seed Coconut 290ml,"105647"
"020-Basil-PRAN","020","106-DR-Basil","106",PRAN Basil Seed Kiwi 290ml,"105649"
"020-Basil-PRAN","020","106-DR-Basil","106",PRAN Basil Seed P.Granate 290ml,"105656"
"024-Basil-LATINA","024","106-DR-Basil","106",Latina Basil Seed Mango 290ml,"105691"
"024-Basil-LATINA","024","106-DR-Basil","106",Latina Basil Seed S.Berry 290ml,"105692"
"024-Basil-LATINA","024","106-DR-Basil","106",Latina Basil Seed P.Granate 290ml,"105694"
"024-Basil-LATINA","024","106-DR-Basil","106",Latina Basil Seed Kiwi 290ml,"105695"
"024-Basil-LATINA","024","106-DR-Basil","106",Latina Basil Seed Cocktail 290ml,"105696"
"024-Basil-LATINA","024","106-DR-Basil","106",Latina Basil Seed Lychee 290ml,"105693"
"022-Basil-LAVILA","025","106-DR-Basil","106",Lavila Basil Seed Mango 290ml,"105741"
"022-Basil-LAVILA","025","106-DR-Basil","106",Lavila Basil Seed S.Berry 290ml,"105742"
"022-Basil-LAVILA","025","106-DR-Basil","106",Lavila Basil Seed Lychee 290ml,"105743"
"022-Basil-LAVILA","025","106-DR-Basil","106",Lavila Basil Seed P.Granate 290ml,"105744"
"022-Basil-LAVILA","025","106-DR-Basil","106",Lavila Basil Seed Kiwi 290ml,"105745"
"022-Basil-LAVILA","025","106-DR-Basil","106",Lavila Basil Seed Cocktail 290ml,"105746"
"021-Chia-PRAN","021","106-DR-Basil","106",Pran Chia Seeds Mango  290ml X 24 Pcs ,"105761"
"021-Chia-PRAN","021","106-DR-Basil","106",Pran Chia Seeds  Strawberry  290ml X 24 Pcs  ,"105762"
"274-Bisc-Cracker","274","145-Biscuit","145",Bisk Club Cream Crackers 400g,"102374"
"274-Bisc-Cracker","274","145-Biscuit","145",Bisk Club Sugar Cracker 300g,"102375"
"274-Bisc-Cracker","274","145-Biscuit","145",Bisk Club Big Marie Original 300g,"102376"
"274-Bisc-Cracker","274","145-Biscuit","145",Bisk Club Big Marie Chocolate 300g,"102377"
"040-Can-Coco Water","040","111-JU-Can","111",PRAN Coconut Water 330ml Can,"105681"
"420-Oil Palm","419","171-Commd","171",Vegetable Cooking Oil 2L,"107252"
"420-Oil Palm","419","171-Commd","171",Vegetable Cooking Oil 5kg X 4pcs,"107253"
"420-Oil Palm","419","171-Commd","171",Hawa  Cooking Oil 1kg X 17 Pack ,"107268"
"143-Cream","143","120-Dairy","120",Dutch Lady Full Cream Milk 1L X 12 Pcs,"650322"
"143-Cream","143","120-Dairy","120",Enricos Milk Powder 300g,"650324"
"460-Dal","460","171-Commd","171",Red Lentils 15kg,"620001"
"460-Dal","460","171-Commd","171",Yellow Dhal 10kg,"620004"
"460-Dal","460","171-Commd","171",Urad Chilka 15Kg Bag,"620005"
"460-Dal","460","171-Commd","171",Kala Chana 25kg,"620006"
"460-Dal","460","171-Commd","171",Moong Dhal 15kg,"620007"
"460-Dal","460","171-Commd","171",Kala Chana 15Kg Bag,"620008"
"702-Fish Oth","702","310-Fish","310",Kaski Round  500 gm X 20 Pack,"630231"
"702-Fish Oth","702","310-Fish","310",Dry Loitta 200gm X 25 Pcs,"630232"
"730-KESKI","730","310-Fish","310",Dry Keski Fish 100gm x 50pcs,"630235"
"702-Fish Oth","702","310-Fish","310",Dry Chapa Puti 100gm X 50 Pack,"630237"
"705-HILSHA","705","310-Fish","310",Hilsha H8-10,"630238"
"705-HILSHA","705","310-Fish","310",Hilsha 300gm-500gm(10kg),"630241"
"705-HILSHA","705","310-Fish","310",Hilsha 500gm-800gm (10kg),"630242"
"705-HILSHA","705","310-Fish","310",HILSA 4-5,"630243"
"702-Fish Oth","702","310-Fish","310",Shing Frozen Fish 500gm X 12 Pack,"630245"
"702-Fish Oth","702","310-Fish","310",Star Baim Fish 500gm X 12 Pack,"630246"
"702-Fish Oth","702","310-Fish","310",Pabda Fish 500gmX12packX 6 kg,"630247"
"702-Fish Oth","702","310-Fish","310",Dry Loitta 500gm x 12 pack,"630256"
"702-Fish Oth","702","310-Fish","310",Tengra 500gm X 12 Pack,"630257"
"705-HILSHA","705","310-Fish","310",Hilsha 1000-1200gm ( 10kg ),"630252"
"702-Fish Oth","702","310-Fish","310",Udang Kering ( Chingry Shutkti) 100gm X 50 Pack,"630253"
"801-POULTRY","801","330-MEAT","330",Tua Ayam 15 Pcs Bag,"630249"
"801-POULTRY","801","330-MEAT","330",Frozen Duck  1kg X 14,"630207"
"221-Marketing Items","221","620-HH-Non Food","620",Whole Duck 2.4kg x 6 pcs,"630210"
"851-B. BEEF","851","330-MEAT","330",Beef Cubed X 20kg X 1,"630209"
"851-B. BEEF","851","330-MEAT","330",Buffalo Meat (900gm X 20 Pcs)(Non Ret),"630206"
"461-Dal-RePck","461","171-Commd","171",PRAN Pea Bason 500gm x 20 pack,"620020"
"420-Oil Palm","419","171-Commd","171",Onion Bag (Bawang) 9.5kg X 1,"610022"
"420-Oil Palm","419","171-Commd","171",Onion Bag (Bawang 3.5kg X 1),"610023"
"420-Oil Palm","419","171-Commd","171",Garlic (Bawang Putih) 5kg X 1,"610024"
"420-Oil Palm","419","171-Commd","171",Garlic ( Bawang Putih ) 10 kg X 1,"610027"
"420-Oil Palm","419","171-Commd","171",White  Potato 9 kg (9 kg x 1),"610005"
"61-Body Spray","610","623-Cosmetics","623",Axe BS Gold Wood Vannia 150ml,"650053"
"61-Body Spray","610","623-Cosmetics","623",Axe BS MARINE 150ml x 12,"650059"
"61-Body Spray","610","623-Cosmetics","623",Fogg Deo Marco Men 120ml,"650221"
"61-Body Spray","610","623-Cosmetics","623",Fogg Deo Nepoleon Men 120ml,"650222"
"61-Body Spray","610","623-Cosmetics","623",Fogg Deo Royal Men 120ml,"650223"
"61-Body Spray","610","623-Cosmetics","623",Fogg Depo Dynamic Unisex 120ml,"650224"
"61-Body Spray","610","623-Cosmetics","623",Fogg Scent Discover 50Ml X 42,"650271"
"61-Body Spray","610","623-Cosmetics","623",Fogg Scent Explore 50Ml X 42,"650272"
"61-Body Spray","610","623-Cosmetics","623",Fogg Scent Trump 50Ml X 42,"650273"
"61-Body Spray","610","623-Cosmetics","623",Fogg Scent Tuxedo 50Ml X 42,"650274"
"61-Body Spray","610","623-Cosmetics","623",Fogg  Deo Absolute  120ml X 4pcs x 18,"650286"
"61-Body Spray","610","623-Cosmetics","623",Fogg Master Deo Cedar 150ml X 4pcs x 18,"650288"
"62-Hair oil","620","623-Cosmetics","623",Dabur Amla Hair Oil 100ml x 48  Pcs,"650013"
"62-Hair oil","620","623-Cosmetics","623",Dabur Amla Hair Oil 200ml x 36 Pcs,"650014"
"62-Hair oil","620","623-Cosmetics","623",Bajaj Almond Drops Hair Oil 50Ml X 60,"650027"
"62-Hair oil","620","623-Cosmetics","623",Bajaj Almond Drops Hair Oil 100ml,"650028"
"62-Hair oil","620","623-Cosmetics","623",Bajaj Almond Drops Hair Oil 200ml,"650029"
"66-ToothPaste","66","623-Cosmetics","623",Closeup Ever Fresh  Gel 65gm 4pack X 12pcs,"650128"
"75-Skin Care","692","623-Cosmetics","623",Vaseline Petroleum Jelly Baby 50ml X12s X 24pack,"650173"
"73-Vasln Cream","73","623-Cosmetics","623",Vaseline Petroleum Jelly Alovera 50ml X12s X 24p,"650171"
"75-Skin Care","692","623-Cosmetics","623",Emami Fair & Handsome Cream 25g,"650207"
"75-Skin Care","692","623-Cosmetics","623",Emami Fair & Handsome Cream 50g,"650208"
"75-Skin Care","692","623-Cosmetics","623",Emami Fair & Handsome Advanced Whitening Oil Control 25gm X 144,"650209"
"75-Skin Care","692","623-Cosmetics","623",Emami Fair & Handsome Oil Control 50g,"650210"
"62-Hair oil","620","623-Cosmetics","623",Emami Navratna Oil 100ml,"650213"
"62-Hair oil","620","623-Cosmetics","623",Emami Navratna Oil 200ml,"650214"
"62-Hair oil","620","623-Cosmetics","623",Emami Navratna Oil 300ml,"650215"
"69-Blade","690","623-Cosmetics","623",Supermax Stainless D/E Blades 5 X 40 X 50,"650231"
"430-Oil-Olv","430","171-Commd","171",Gallo E.Virgin Olive Oil 500ml X 20 -Classic,"650233"
"64-Body Lotion","640","623-Cosmetics","623",CITRA Bengkoang 380ml X 4  X 3pack,"650239"
"64-Body Lotion","640","623-Cosmetics","623",CITRA HBL PEARLY WHITE UV RL 380ml X 4  X 3pack,"650240"
"64-Body Lotion","640","623-Cosmetics","623",CITRA HBL PEARLY WHITE UV 6X6X120ML,"650244"
"64-Body Lotion","640","623-Cosmetics","623",CITRA Bengkoang 6X6X120ML,"650245"
"64-Body Lotion","640","623-Cosmetics","623",Vaseline Lotion Dry Skin Repair 400ml X 6pcs X 8pack,"650184"
"62-Hair oil","620","623-Cosmetics","623",Parachute Jasmine Hair Oil 300ml,"650251"
"62-Hair oil","620","623-Cosmetics","623",Parachute Jasmine Hair Oil 200ml,"650252"
"62-Hair oil","620","623-Cosmetics","623",Kumarika Nourishing Hair Oil 100ml,"650282"
"62-Hair oil","620","623-Cosmetics","623",Kumarika Nourishing Hair Oil 200ml,"650283"
"75-Skin Care","692","623-Cosmetics","623",Fair and Lovely Multi Vitamin Cream 50gm x 72,"650291"
"75-Skin Care","692","623-Cosmetics","623",Fair and Lovely Multi Vitamin Cream 80gm x 36,"650292"
"61-Body Spray","610","623-Cosmetics","623",Fogg Master Deo Royal 120ml X 4pcs x 18,"650296"
"65-Shampoo","650","623-Cosmetics","623",Head & Shoulders Cool Menthol 170mlx24,"650381"
"691-Svng-Foam","691","623-Cosmetics","623",Gillette Shaving Foam Classic  200ml X 6pcs,"650392"
"62-Hair oil","620","623-Cosmetics","623",Dabur Amla Hair Oil 300ml x 24 Pcs,"650393"
"691-Svng-Foam","691","623-Cosmetics","623",Gillette Shaving Foam Menthol 300mlx6,"650396"
"75-Skin Care","692","623-Cosmetics","623",Brylcreem  Cream  Original  Aqua 24x75ml (Red),"650404"
"75-Skin Care","692","623-Cosmetics","623",Brylcreem  Cream Anti Dandruff  Aqua 24x75ml (Green),"650405"
"75-Skin Care","692","623-Cosmetics","623",Brylcreem  Gel Xtrme Hold  2D 24x125ml ,"650407"
"75-Skin Care","692","623-Cosmetics","623",Brylcreem  Gel Strong Hold  2D 24x125ml ,"650408"
"75-Skin Care","692","623-Cosmetics","623",Brylcreem  Gel  Wet Look  2D 24x125ml ,"650409"
"75-Skin Care","692","623-Cosmetics","623",Whitening Refreshing Face Wash 50gm X 6ps X 8pa,"650411"
"75-Skin Care","692","623-Cosmetics","623",Whitening Refreshing Face Wash 100g,"650412"
"75-Skin Care","692","623-Cosmetics","623",Oil Control Purifying Face Wash 50 Gm X 6ps X 8p,"650413"
"75-Skin Care","692","623-Cosmetics","623",Oil Control Purifying Face Wash 100g,"650414"
"65-Shampoo","650","623-Cosmetics","623",Dove Nourishing Oil Care Sampoo 250Ml X 6,"650256"
"65-Shampoo","650","623-Cosmetics","623",Dove Daily Moisture 2In1 Sampoo 250Ml X 6,"650257"
"65-Shampoo","650","623-Cosmetics","623",Daily Moist Sampoo 250Ml X 6,"650259"
"65-Shampoo","650","623-Cosmetics","623",Sunsilk shampoo Anti dandruff  300mlx12,"650106"
"65-Shampoo","650","623-Cosmetics","623",Sunsilk shampoo  Hair fall 300mlx12,"650107"
"65-Shampoo","650","623-Cosmetics","623",Sunsilk shampoo Damage restore 300mlx12,"650108"
"65-Shampoo","650","623-Cosmetics","623",Sunsilk shampoo  Soft smooth 300mlx12,"650109"
"65-Shampoo","650","623-Cosmetics","623",Head & Shoulders Smooth and Silky 170mlx24,"650382"
"65-Shampoo","650","623-Cosmetics","623",Head & Shoulders Lemon Fresh  170mlx24,"650385"
"65-Shampoo","650","623-Cosmetics","623",Head & Shoulders Lemon Fresh 330ml  X 12,"650388"
"65-Shampoo","650","623-Cosmetics","623",Head & Shoulders Smooth and Silky 330ml X 12,"650389"
"65-Shampoo","650","623-Cosmetics","623",Head & Shoulders Clean Balanced 330ml X 12,"650390"
"63-SOAP","630","623-Cosmetics","623",Dove Bar Soap Original 135g,"650003"
"63-SOAP","630","623-Cosmetics","623",Dove Bar Soap Pink 135g,"650004"
"63-SOAP","630","623-Cosmetics","623",Dove Bar Soap go fresh Touch 135gm x 48 Pcs,"650005"
"63-SOAP","630","623-Cosmetics","623",IMPERIAL LEATHER CLASSIC 190gm X 6pcs X 12 pck,"650009"
"63-SOAP","630","623-Cosmetics","623",IMPERIAL LEATHER CLASSIC 100 GM X 4pcs X 18 pck,"650010"
"63-SOAP","630","623-Cosmetics","623",Dettol Bar Soap Original 100g,"650032"
"63-SOAP","630","623-Cosmetics","623",Dettol Bar Soap Lasting Fresh 100g,"650034"
"63-SOAP","630","623-Cosmetics","623",Dettol Bar Soap Original 100g,"650039"
"63-SOAP","630","623-Cosmetics","623",Lifebouy Soap Total 100g,"650046"
"63-SOAP","630","623-Cosmetics","623",Lifebouy Soap Mild Care 100g,"650047"
"63-SOAP","630","623-Cosmetics","623",Lifebouy Soap Lemon Fresh 100g,"650048"
"63-SOAP","630","623-Cosmetics","623",Pears Shop P&G With Natural Oils Amber 125 gm X 48 Pcs,"650201"
"63-SOAP","630","623-Cosmetics","623",Pears Shop P&G With Mini Extracts Blue 125gm X 48 Pcs,"650202"
"63-SOAP","630","623-Cosmetics","623",Pears Shop P&G With Lemon Flower Green 125ml X 48 Pcs,"650203"
"63-SOAP","630","623-Cosmetics","623",Camay Soap Classic Soft Red 125g,"650204"
"63-SOAP","630","623-Cosmetics","623",Camay Shop (Natural) -Soft Pack White 125gm X 3 X 24,"650205"
"63-SOAP","630","623-Cosmetics","623",Camay Shop (Chic) -Soft Pack Black 125gm X 3 X 24,"650206"
"63-SOAP","630","623-Cosmetics","623",Lux Soap Aqua Sparkle 80gm  x 144 Pcs,"650311"
"63-SOAP","630","623-Cosmetics","623",Lux Soap Velvet Touch 80gm x 144 Pcs,"650312"
"63-SOAP","630","623-Cosmetics","623",Lux Soap Soft Touch 80gm  x 144 Pcs,"650313"
"63-SOAP","630","623-Cosmetics","623",Lux Soap White Impress 80gm x 144 Pcs,"650314"
"63-SOAP","630","623-Cosmetics","623",Lux Soap Magical Spell 80gm x 144Pcs,"650315"
"671-Dish wash","671","620-HH-Non Food","620",Hand Wash Liquid (Lavender) 500 ML,"650431"
"66-ToothPaste","66","623-Cosmetics","623",Dabur Red Tooth Paste 100gmX72 Pcs,"650011"
"66-ToothPaste","66","623-Cosmetics","623",Dabur Red Tooth Paste 200g,"650012"
"451-Dental Care","660","623-Cosmetics","623",Closeup Deep Action Gel 65gm 4 X 12,"650127"
"66-ToothPaste","66","623-Cosmetics","623",Closeup Ever Fresh  Gel 100gm 4pack X 12pcs,"650129"
"66-ToothPaste","66","623-Cosmetics","623",Closeup Ever Fresh Gel 160g,"650130"
"66-ToothPaste","66","623-Cosmetics","623",Pepsodent Action Herbal  144X75G (Green),"650131"
"66-ToothPaste","66","623-Cosmetics","623",Pepsodent Action Herbal  48X190G (Green),"650132"
"66-ToothPaste","66","623-Cosmetics","623",Pepsodent Action Herbal  72X120G (Green),"650133"
"66-ToothPaste","66","623-Cosmetics","623",Pepsodent Cavity Fighter 144X75G( Red),"650134"
"66-ToothPaste","66","623-Cosmetics","623",Pepsodent Cavity Fighter 48X190g Red,"650135"
"66-ToothPaste","66","623-Cosmetics","623",Pepsodent Cavity Fighter 72X120g Red,"650136"
"66-ToothPaste","66","623-Cosmetics","623",Pepsodent Value Pack  225gm X 2 X 18pack,"650140"
"625-Lighter","625","620-HH-Non Food","620",Flicks V1 Transparent X 50Pcs,"680002"
"625-Lighter","625","620-HH-Non Food","620",NYC  Lighter Transparent x 50pcs (506),"680003"
"625-Lighter","625","620-HH-Non Food","620",Starlite Lighter Transparent x 50pcs x 20box,"680006"
"390-Spc Whl","390","150-Spc","150",Whole Cinnamon(Daruchini) Sticks 1kg ±,"105225"
"390-Spc Whl","390","150-Spc","150",Whole Cardamom(Elach) 950gm ±,"105226"
"390-Spc Whl","390","150-Spc","150",Whole Cumin(Jeera) Seeds 950gm ±,"105227"
"390-Spc Whl","390","150-Spc","150",Whole Clove( Lobongo) 950gm ±,"105228"
"390-Spc Whl","390","150-Spc","150",Buah Pelaga (Cardamom) 80gx50pkt,"105252"
"113-CSD-Oth","113","116-CSD","116",Maduria Carbonated Drink Orange 1250ml x 12 bott,"105653"
"113-CSD-Oth","113","116-CSD","116",Maduria Carbonated Drink Sarsi 1250ml x 12 bottl,"105654"
"091-Enez-Oth","091","115-VitaPower","115",M150 Energy Drink 150ml GB,"105655"
"113-CSD-Oth","113","116-CSD","116",Maduria Carbonated Drink Strawberry1250ml x 12bo,"105657"
"113-CSD-Oth","113","116-CSD","116",Maduria Carbonated Drink Grape 1250ml x 12bottle,"105658"
"113-CSD-Oth","113","116-CSD","116",Maduria Carbonated Drink Cream Soda1250ml x12bot,"105659"
"113-CSD-Oth","113","116-CSD","116",Maduria Carbonated Drink Fruitade 1250ml x 12bot,"105675"
"113-CSD-Oth","113","116-CSD","116",Maduria Carbonated Drink Apple 1250ml x 12bottle,"105676"
"113-CSD-Oth","113","116-CSD","116",Milo Original LE Can(240ml X 24),"105863"
"113-CSD-Oth","113","116-CSD","116",Nescafe Can Original 240 ml X 24,"105864"
"113-CSD-Oth","113","116-CSD","116",Nescafe Can Latte 240 ml X 24,"105865"
"113-CSD-Oth","113","116-CSD","116",Extra Joss Mango Powder 5g Pack,"105811"
"113-CSD-Oth","113","116-CSD","116",Extra Joss Grape Powder 5g Pack,"105812"
"675-DR Oth","052","107-DR-Oth","107",PRAN Cooling Tamarind 290ml,"106119"
"090-Enez Can","090","115-VitaPower","115",Power Energy Drink 250ml Can,"105613"
"090-Enez Can","090","115-VitaPower","115",Carabao Energy Drinks 250ml GB,"105670"
"542-Can Fish","542","180-HH-Food","180",MACKEREL IN TOTMATO SAUCE 425gm,"630001"
"542-Can Fish","542","180-HH-Food","180",Mackerel In Tomato Sauce  155Gm,"630002"
"542-Can Fish","542","180-HH-Food","180",SARDINE IN TOMATO SAUCE 425gm,"630003"
"542-Can Fish","542","180-HH-Food","180",Sardine In Tomato Sauce 155Gm X 50,"630004"
"600-Ghee","581","180-HH-Food","180",PRAN Vegetable Ghee 125g,"610011"
"600-Ghee","581","180-HH-Food","180",PRAN Vegetable Ghee 450g,"610012"
"580-Honey","580","180-HH-Food","180",PRAN Honey 380g,"630251"
"580-Honey","580","180-HH-Food","180",Retaj Honey 500g GB,"630302"
"044-CAN-Latina","044","111-JU-Can","111",Latina Drink Pink Guava 330ml Can,"102414"
"044-CAN-Latina","044","111-JU-Can","111",Latina Drink Kiwi 330ml Can,"102415"
"044-CAN-Latina","044","111-JU-Can","111",Latina Drink Mango 330ml Can,"102416"
"044-CAN-Latina","044","111-JU-Can","111",Latina Drink P.Apple 330ml Can,"102417"
"044-CAN-Latina","044","111-JU-Can","111",Latina Drink P.Granate 330ml Can,"102518"
"660-DRY FRUITS","582","180-HH-Food","180",Kurma Retaj 500gm X 12 Pkt,"107151"
"660-DRY FRUITS","582","180-HH-Food","180",Kurma Tangkai 400g,"107152"
"660-DRY FRUITS","582","180-HH-Food","180",Kurma Tangkai 500gm X 12pkt (Non Refundable),"107160"
"230-Noodles","230","135-SN-GLB","135",WAI WAI Noodles Chicken 75gm X30pk,"109213"
"230-Noodles","230","135-SN-GLB","135",WAI WAI Noodles Vegetarian 75gm X30pk,"109214"
"440-Basmathi Rice","440","170-Rice","170",Indra Valley Basmathi Rice Sella Cream 1kg,"101203"
"440-Basmathi Rice","440","170-Rice","170",Indra Valley Basmathi Rice Pusa 1kg,"101204"
"440-Basmathi Rice","440","170-Rice","170",Indra Valley Basmathi Rice Golden Pusa 1kg,"101202"
"441-Cooking Rice","441","170-Rice","170",CAP Bawang Rice 10kg,"101219"
"441-Cooking Rice","441","170-Rice","170",Super Import Rambutan (TWR HIJAU) 5 kg X 1,"101224"
"75-Skin Care","692","623-Cosmetics","623",Sueap Perene Flower 140gm x 3's x 40,"109421"
"651-Garments","651","620-HH-Non Food","620",Towing Lungi 1 x 100pcs,"109441"
"230-Noodles","230","135-SN-GLB","135",Sewa In Now 1 x 50pack,"109402"
"560-Tea","560","180-HH-Food","180",Royal Mia Ma Tea Max 20gm x 30's x 30 pack,"109415"
"045-CAN-VeVe","045","111-JU-Can","111",Veve Lychee 260ml Can,"109427"
"045-CAN-VeVe","045","111-JU-Can","111",Veve Mixed Fruit 260ml Can,"109428"
"045-CAN-VeVe","045","111-JU-Can","111",Veve Fresh Orange 260ml Can,"109429"
"045-CAN-VeVe","045","111-JU-Can","111",Veve Fresh Tamarind 260ml Can,"109430"
"063-SOYA MILK","145","120-Dairy","120",PRAN Soya Milk 300ml Can,"106701"
"063-SOYA MILK","145","120-Dairy","120",PRAN Soya Milk 320ml Pet,"106703"
"063-SOYA MILK","145","120-Dairy","120",V-Soy Original Soya Milk 300ml,"106710"
"675-DR Oth","052","107-DR-Oth","107",Pran Drinking Water 500ml X  24pcs,"103501"
"675-DR Oth","052","107-DR-Oth","107",Pran Drinking Water 1500Ml X 12Pcs,"103502"
"461-Dal-RePck","461","171-Commd","171",Urad Chilka 450gm X 30pcs,"620025"
"420-Oil Palm","419","171-Commd","171",Fresh Potato 4.8 kg (4.8kg x 1),"610003"
"420-Oil Palm","419","171-Commd","171",Fresh Potato 3 kg (3 kg x 1),"610004"
"65-Shampoo","650","623-Cosmetics","623",Clear Shampoo Ice Menthol 3X 350Ml X 8,"650026"
"015-DRINKO","012","105-DR-LD","105",Drinko Float S.Berry Drink 250ml,"105751"
"015-DRINKO","012","105-DR-LD","105",Drinko Float Mango Drink 250ml,"105752"
"705-HILSHA","705","310-Fish","310",Salted Hilsa 5Kg (Nona Hilsa),"630259"
"090-Enez Can","090","115-VitaPower","115",Tiger Power Energy Drink 250ml Can,"105687"
"090-Enez Can","090","115-VitaPower","115",Shark Energy Drink 250mlx24,"105688"
"143-Cream","143","120-Dairy","120",PRAN Sweetened Creamer 500g,"107802"
"180-ChipsBD","180","130-SN-BD","130",Pran Potato Crackers Barbecue Flavour 60gm & 60,"107624"
"180-ChipsBD","180","130-SN-BD","130",Pran Potato Crackers Cheese Flavour 60gm & 60 Pa,"107625"
"250-Chips GLB","250","135-SN-GLB","135",Snacker Chicken Cracker 40g,"107751"
"250-Chips GLB","250","135-SN-GLB","135",Snacker Prawn Cracker Hot & Spicy 60g,"107752"
"250-Chips GLB","250","135-SN-GLB","135",Snacker Corn Chips Hot & Spicy 60g,"107753"
"250-Chips GLB","250","135-SN-GLB","135",Snacker Corn Chips BBQ 60g,"107754"
"702-Fish Oth","702","310-Fish","310",Mola Shutki 200gm X 25 Pack,"630260"
"290-DCake-B.Club","290","146-Bakery","146",Bisk Club DRY Cake 30g,"102280"
"309-Cat.Food","609","620-HH-Non Food","620",KissCat Chicken & Tuna 400g,"109501"
"309-Cat.Food","609","620-HH-Non Food","620",KissCat Chicken & Tuna 800g,"109502"
"320-Spc Pch","320","150-Spc","150",PRAN Coriander Powder 125g Pouch,"105149"
"320-Spc Pch","320","150-Spc","150",PRAN Fish Curry 125g,"105150"
"320-Spc Pch","320","150-Spc","150",PRAN Meat Curry 125g,"105151"
"320-Spc Pch","320","150-Spc","150",Turmaric Powder 125gm/40pc-Ctn,"105152"
"390-Spc Whl","390","150-Spc","150",Whole Cumin Seed 100gm X 10 pcs,"105263"
"390-Spc Whl","390","150-Spc","150",Whole Coriander 100gm  X 10 pcs,"105265"
"390-Spc Whl","390","150-Spc","150",Whole Black Pepper 100 g X 10 pcs,"105266"
"390-Spc Whl","390","150-Spc","150",Mustard Seeds 100gm X 10 Pcs,"105267"
"390-Spc Whl","390","150-Spc","150",Cashew Nuts 50gm  X 20 pcs,"105268"
"390-Spc Whl","390","150-Spc","150",Whole Cloves (Lobongo) 100gm X 10 Pcs,"105270"
"411-PUDDING","411","160-Confec","160",PRAN Fruity Pudding With Nata 110g,"103156"
"411-PUDDING","411","160-Confec","160",PRAN Mango Pudding With Nata 110g,"103157"
"411-PUDDING","411","160-Confec","160",PRAN Lychee Pudding With Nata 110g,"103158"
"451-ATTA","449","171-Commd","171",Tepung Gandum 1kgX10 pcs,"101306"
"451-Dental Care","660","623-Cosmetics","623",Sunny Ultra Soft TB-102 12pcs,"889401"
"451-Dental Care","660","623-Cosmetics","623",Sunny TB Zig Zag (TB-103) 12s X 12box,"889402"
"451-Dental Care","660","623-Cosmetics","623",Sunny TB Ultra Soft (TB-104) 12s X 12box,"889403"
"451-Dental Care","660","623-Cosmetics","623",Sunny Toothbrush Oval Cut (TB-105)  12s X 12box,"889404"
"451-Dental Care","660","623-Cosmetics","623",Sunny TB Kids Fun( TB-107)  12s X 12box,"889406"
"520-Sauce","520","180-HH-Food","180",Pran White Vinegar 650 Ml X 12 Bottle,"107334"
"61-Body Spray","610","623-Cosmetics","623",Fogg Deo Fine Bay Breeze Men 120ml,"650260"
"61-Body Spray","610","623-Cosmetics","623",Fogg  Deo Fine Fizzy Dew  For Men ( 120ml X 72 P,"650262"
"651-Garments","651","620-HH-Non Food","620",Winner Lungi 100% Color Guarantee 1pcs,"378466"
"390-Spc Whl","390","150-Spc","150",PRAN Bay Leaves 50g Pack,"104204"
"320-Spc Pch","320","150-Spc","150",Chilli Powder 125gm/40pc-Ctn,"105153"
"360-Spc-Parer Pack","360","150-Spc","150",Pran Cumin Seed 100gm X 40 Pack,"105168"
"320-Spc Pch","320","150-Spc","150",PRAN Chilli Powder 250g Pack,"105216"
"320-Spc Pch","320","150-Spc","150",PRAN Curry Powder Meat 250g Pack,"105217"
"320-Spc Pch","320","150-Spc","150",PRAN Curry Powder Fish 250g Pack,"105218"
"320-Spc Pch","320","150-Spc","150",PRAN Turmeric Powder 250g Pack,"105219"
"730-KESKI","730","310-Fish","310",Keski Fish 250g,"630269"
"461-Dal-RePck","461","171-Commd","171",Yellow Dhall 450gm X 20 pcs,"620022"
"461-Dal-RePck","461","171-Commd","171",Moong Dhal 450gm X 30pcs,"620023"
"461-Dal-RePck","461","171-Commd","171",Red Lentils 450gm X 30 pcs,"620021"
"61-Body Spray","610","623-Cosmetics","623",AXE DEO MUSK (150MLX12),"650434"
"044-CAN-Latina","044","111-JU-Can","111",Latina Juice Drink Tamarind 330ml X 24 can,"102519"
"274-Bisc-Cracker","274","145-Biscuit","145",Bisk Club Peanut Cream Sandwich 190g,"102335"
"274-Bisc-Cracker","274","145-Biscuit","145",Bisk Club Chocolate Cream Sandwich 190g,"102336"
"274-Bisc-Cracker","274","145-Biscuit","145",Bisk Club Cheese Cream Sandwich 190g,"102337"
"274-Bisc-Cracker","274","145-Biscuit","145",Bisk Club Vegetable Crackers 190g,"102338"
"390-Spc Whl","390","150-Spc","150",Whole Cardamom (Elachi) 100gm X10pcs,"105271"
"570-Tuna","570","180-HH-Food","180",Canned Light Meat Tuna In Brine150gmX 24,"630008"
"100-RFL Plastic","600","620-HH-Non Food","620",SUPER DISPOSABLE CONT RTG 5OOML 3 PCS SET?TR,"931651"
"100-RFL Plastic","600","620-HH-Non Food","620",SUPER OISPOSABLE CONT RO 5OOML 3 PCS SET-TR,"931652"
"100-RFL Plastic","600","620-HH-Non Food","620",TAKEAWAY ROUND CONTAINER 5OOML 3 PCS SET-TR,"931653"
"100-RFL Plastic","600","620-HH-Non Food","620",TAKEAWAY ROUND CONTAINER 300ML 5 PCS SET-TR,"931654"
"100-RFL Plastic","600","620-HH-Non Food","620",TRIM CONT  RTG 650ML ASSORTED,"915718"
"100-RFL Plastic","600","620-HH-Non Food","620",FREEZER BOX 500 ML 2PK-ASSORTED,"931655"
"100-RFL Plastic","600","620-HH-Non Food","620",FREEZER BOX 1000 ML-ASSORTEO,"931656"
"100-RFL Plastic","600","620-HH-Non Food","620",SALSA CONTAINER-1100 M?,"931661"
"100-RFL Plastic","600","620-HH-Non Food","620",DAL?AS WATER BOTT?E 900 ML-ASSORTED,"924897"
"100-RFL Plastic","600","620-HH-Non Food","620",MILO WATER BOTTLE 1000 ML -ASSORTED,"924905"
"100-RFL Plastic","600","620-HH-Non Food","620",COMBO GLASS 2PK,"931657"
"100-RFL Plastic","600","620-HH-Non Food","620",VIGO GLASS 4 PK,"931658"
"100-RFL Plastic","600","620-HH-Non Food","620",SHAKER CONTAIN ER WITH  FORK - GREEN,"924423"
"100-RFL Plastic","600","620-HH-Non Food","620",PENCIL BOX WITAJ SHARPENER+ERASER+SCALE,"78412"
"100-RFL Plastic","600","620-HH-Non Food","620",MANGO TIFFIN BOX-WINNER(WITH COMMON SPOON),"920283"
"100-RFL Plastic","600","620-HH-Non Food","620",KIDS  TIFFIN BOX -WINNER(WITH COMMON SPOON),"920280"
"100-RFL Plastic","600","620-HH-Non Food","620",SMI?EY  TIFFIN BOX -WINNER(WITH COMMON SPOON),"920284"
"100-RFL Plastic","600","620-HH-Non Food","620",RACER TIFFIN BOX-WINNER(WITH COMMON SPOON),"920281"
"65-Shampoo","650","623-Cosmetics","623",Clear Shampoo Men Cooling Itch 315ml,"650085"
"130-Lassi","120","120-Dairy","120",PRAN Lassi Yogurt 200ml,"105735"
"130-Lassi","120","120-Dairy","120",PRAN Lassi Mango 200ml,"105736"
"130-Lassi","120","120-Dairy","120",PRAN Lassi S.Berry 200ml,"105737"
"300-Wafer","300","146-Bakery","146",PRAN Crunchy Wafer Orange 100g,"107755"
"300-Wafer","300","146-Bakery","146",PRAN Crunchy Wafer Choco 100g,"107756"
"300-Wafer","300","146-Bakery","146",PRAN Crunchy Wafer S.Berry 100g,"107757"
"300-Wafer","300","146-Bakery","146",PRAN Crunchy Wafer Milk Cream 100g,"107758"
"63-SOAP","630","623-Cosmetics","623",Dettol Soap Lemon Fresh 100gm,"650439"
"63-SOAP","630","623-Cosmetics","623",Dettol Soap Cool 100gmX144pcs,"650440"
"62-Hair oil","620","623-Cosmetics","623",Parachute Jasmine Hair Oil 300,"650250"
"705-HILSHA","705","310-Fish","310",Hilsha-1.2kg-1.5kg,"630270"
"063-SOYA MILK","145","120-Dairy","120",MY-Soy Original Soya Milk 300ml,"106711"
"360-Spc-Parer Pack","360","150-Spc","150",Pran Kacchi Biriyani Masala50g,"105272"
"360-Spc-Parer Pack","360","150-Spc","150",Pran Karachi Beef Biriyani 50g,"105273"
"360-Spc-Parer Pack","360","150-Spc","150",Pran Mejbani Beef Masala 68g,"105274"
"360-Spc-Parer Pack","360","150-Spc","150",Pran Fish Fry Masala 50g,"105275"
"360-Spc-Parer Pack","360","150-Spc","150",Pran Nihari Masala 60g,"105276"
"360-Spc-Parer Pack","360","150-Spc","150",Pran Garam Masala 100g,"105277"
"360-Spc-Parer Pack","360","150-Spc","150",Pran Chatpati Masala 50g,"105278"
"360-Spc-Parer Pack","360","150-Spc","150",Pran Mutton Biriyani Masala50g,"105279"
"360-Spc-Parer Pack","360","150-Spc","150",Pran Haleem Mix 200g,"105280"
"360-Spc-Parer Pack","360","150-Spc","150",Pran Fish Curry Masala 50g,"105281"
"360-Spc-Parer Pack","360","150-Spc","150",Pran Meat Masala 50g,"105282"
"320-Spc Pch","320","150-Spc","150",PRAN Coriander Powder 250gm/20pc,"105215"
"61-Body Spray","610","623-Cosmetics","623",Fogg Scent Discover 50Ml X 42,"650275"
"61-Body Spray","610","623-Cosmetics","623",Fogg Scent Explore 50Ml X 42,"650276"
"143-Cream","143","120-Dairy","120",Pran Creamer 500gX48 Easy Open,"107803"
"441-Cooking Rice","441","170-Rice","170",Beras Murni 10Kg(SST 5%),"101231"
"274-Bisc-Cracker","274","145-Biscuit","145",Pran Choco Stick 20gm 24Pcs,"102668"
"409-LOLIPOP","409","160-Confec","160",Pran Lollypop(Mini) 4gmX5pX40,"103167"
"65-Shampoo","650","623-Cosmetics","623",Clear Shampoo Men Anti Hair Fall (650ml X 12pcs),"650189"
"65-Shampoo","650","623-Cosmetics","623",Clear ShampooMen Cooling Itch Control (650ml X 1,"650190"
"75-Skin Care","692","623-Cosmetics","623",Enchanteur Talcum Charming Yellow ( 250gm X 24pc,"650443"
"75-Skin Care","692","623-Cosmetics","623",Enchanteur Talcum Enticing Red ( 250gm X 24pcs),"650444"
"75-Skin Care","692","623-Cosmetics","623",Enchanteur Talcum Romantic Pink ( 250gm X 24pcs),"650446"
"64-Body Lotion","640","623-Cosmetics","623",Enchanteur Body Lotion Elegant Musk Orange(250ml,"650447"
"64-Body Lotion","640","623-Cosmetics","623",Enchanteur Body Lotion Charming Yellow (250ml X,"650448"
"64-Body Lotion","640","623-Cosmetics","623",Enchanteur Body Lotion Gorgeous Blue (250ml X 24,"650449"
"420-Oil Palm","419","171-Commd","171",Chakki Fresh Atta (Janaki) 5kg,"101308"
"705-HILSHA","705","310-Fish","310",Hilsha -1200gm-1500gm(11kg),"630271"
"705-HILSHA","705","310-Fish","310",Hilsha -1200gm-1500gm(12kg),"630272"
"705-HILSHA","705","310-Fish","310",Hilsha -1000gm-1200gm(11kg),"630273"
"705-HILSHA","705","310-Fish","310",Hilsha -1000gm-1200gm(12kg),"630274"
"320-Spc Pch","320","150-Spc","150",Cumin Powder(125gmx40),"105283"
"540-Pkl","540","180-HH-Food","180",Coriander Pickle 300gm/12pcs-Ctn,"107340"
"420-Oil Palm","419","171-Commd","171",Dry Basil Seed 100gX10p,"105306"
"420-Oil Palm","419","171-Commd","171",Biji Sagu Halus White (Punda) 450gmX30p,"105303"
"320-Spc Pch","320","150-Spc","150",Pran Coriander Powder (Foil Pack) 180gmX48p,"105287"
"320-Spc Pch","320","150-Spc","150",Pran Curry Powder (Foil Pack) 180gmX48p,"105288"
"320-Spc Pch","320","150-Spc","150",Pran Turmeric Powder (Foil Pack) 180gmX48p,"105289"
"360-Spc-Parer Pack","360","150-Spc","150",Pran Chilli Powder (Foil Pack) 180gmX48p,"105290"
"330-Spc Jar","330","150-Spc","150",Pran Coriander Powder (JAR) 185gmX24p,"105310"
"330-Spc Jar","330","150-Spc","150",Pran Curry Powder (JAR) 225gmX24p,"105311"
"330-Spc Jar","330","150-Spc","150",Pran Turmeric Powder (JAR) 225gmX24p,"105312"
"330-Spc Jar","330","150-Spc","150",Pran Chilli Powder (JAR) 210gmX24p,"105313"
"277-Bisc-Cookie","277","145-Biscuit","145",PRAN COOKIES COCONUT BISCUIT( 900GM X 6JAR),"444201"
"277-Bisc-Cookie","277","145-Biscuit","145",PRAN COOKIES PEANUT BISCUIT( 900GM X 6JAR),"444202"
"277-Bisc-Cookie","277","145-Biscuit","145",PRAN COOKIES VANILLA BISCUIT ( 900GM X 6JAR),"444203"
"277-Bisc-Cookie","277","145-Biscuit","145",PRAN COOKIES BUTTER BISCUIT ( 900GM X 6JAR),"444204"
"277-Bisc-Cookie","277","145-Biscuit","145",PRAN COOKIES KHEER BISCUIT ( 900GM X 6JAR),"444205"
"277-Bisc-Cookie","277","145-Biscuit","145",PRAN COOKIES BOOSTER BISCUIT ( 900GM X 6JAR),"444206"
"281-Tst-Trad","281","147-Toast","147",PRAN GARLIC TOAST(LP)(250gm X 16pcs),"444207"
"281-Tst-Trad","281","147-Toast","147",PRAN SOFT TOAST (FOIL PACK) (350gm X 12pcs),"444208"
"272-Bisc-Cream","272","145-Biscuit","145",PRAN VANILA FALVOURED CREAM BISCUIT (70gmX24pcs),"444209"
"272-Bisc-Cream","272","145-Biscuit","145",PRAN COCONUT FLAVOURED CREAM BISCUIT(70gmX24pcs,"444210"
"272-Bisc-Cream","272","145-Biscuit","145",PRAN BANANA FALVOURED CREAM BISCUIT (70gmX24pcs),"444211"
"272-Bisc-Cream","272","145-Biscuit","145",PRAN ORANGE FALVOURED CREAM BISCUIT(70gmX24pcs),"444212"
"272-Bisc-Cream","272","145-Biscuit","145",PRAN CUSTARD FALVOURED CREAM BISCUIT(70gmX24pcs),"444213"
"277-Bisc-Cookie","277","145-Biscuit","145",PRAN COOKIES (900gm X6 Jar),"444214"
"330-Spc Jar","330","150-Spc","150",PRAN CRUSHED CHILLI 180GM X 24 PCS JAR,"444215"
"330-Spc Jar","330","150-Spc","150",PRAN CUMIN POWDER( NON BOND) 1000gm X 6pcs,"444216"
"330-Spc Jar","330","150-Spc","150",PRAN FISH MASALA POWDER (PET JAR)150gm X 24pcs,"444217"
"360-Spc-Parer Pack","360","150-Spc","150",PRAN FISH MASALA MIX (PP)100gm X 24pcs,"444218"
"360-Spc-Parer Pack","360","150-Spc","150",PRAN GARAM MASALA  ( PET JAR)130gm X 24pcs,"444219"
"360-Spc-Parer Pack","360","150-Spc","150",PRAN MEAT MASALA  ( PET JAR)150gm X24pcs,"444220"
"360-Spc-Parer Pack","360","150-Spc","150",PRAN MEAT MASALA (PP)100gm X 24pcs,"444221"
"360-Spc-Parer Pack","360","150-Spc","150",PRAN PANCHFORAN (POUCH)50gm X 160pcs,"444222"
"360-Spc-Parer Pack","360","150-Spc","150",PRAN BOMBAY BIRYANI MASALA (NECTO JAR) 100gmX24p,"444223"
"360-Spc-Parer Pack","360","150-Spc","150",PRAN BEEF MASALA (PP) 100gm X 24pcs,"444224"
"360-Spc-Parer Pack","360","150-Spc","150",PRAN CHICKEN ROAST MASALA (PP)35gm X 24pcs,"444225"
"Paste","Paste","150-Spc","150",PRAN GINGER PASTE (PET JAR)250gm X 24pcs,"444226"
"230-Noodles","230","135-SN-GLB","135",PRAN KOREAN SUPER SPICY 60G X 5 PCS X 12 COMBO,"444227"
"230-Noodles","230","135-SN-GLB","135",CANTON NOODLES CURRY (FOIL PACK)70gm X12pack,"444228"
"230-Noodles","230","135-SN-GLB","135",CANTON NOODLES SHRIMP  (FOIL PACK)70gm X 12pack,"444229"
"330-Spc Jar","330","150-Spc","150",Pran Cumin Powder (JAR) 225gmX24p,"105314"
"730-KESKI","730","310-Fish","310",Keski Fish 500gmX12pcs Tray,"630280"
"360-Spc-Parer Pack","360","150-Spc","150",PRAN MOMO MASALA (PP) ( 50gm X 24 P),"105284"
"230-Noodles","230","135-SN-GLB","135",PRAN Noodles Korean Super Spicy 60G X5PCX12 Com,"107689"
"702-Fish Oth","702","310-Fish","310",Boal Fish 1 kg Up ( 10 kg),"630281"
"702-Fish Oth","702","310-Fish","310",Boal Fish 2 kg Up ( 10 kg),"630282"
"240-Cup Ndl","240","135-SN-GLB","135",MR. Noodles Speghetti 300 gm X 24 pcs,"107764"
"411-PUDDING","411","160-Confec","160",PRAN Pudding Strawberry 120 gm X 06 pcs X 8 tray,"103184"
"702-Fish Oth","702","310-Fish","310",Frozen Shrimp (udang) 250gm X 24tray,"630291"
"251-Nuts","251","135-SN-GLB","135",Cashew Nuts 250gm X 30pcs,"107770"
"275-Bisc-Nuts","275","145-Biscuit","145",Cashew Nuts 500gm X 20pcs,"107771"
"251-Nuts","251","135-SN-GLB","135",Cashew Nuts 1000gm X 15pcs,"107772"
"251-Nuts","251","135-SN-GLB","135",Cashew Nuts 10Kg X 02pcs,"107773"
"65-Shampoo","650","623-Cosmetics","623",Clear Shampoo MEN  Deep Cleanse 3X 315Ml X 8,"650191"
"61-Body Spray","610","623-Cosmetics","623",Real Man Fresh Morning Body Spray 150ml X 72,"650461"
"61-Body Spray","610","623-Cosmetics","623",Real Man Fresh Spirit Body Spray 150ml X 72,"650462"
"61-Body Spray","610","623-Cosmetics","623",Real Man Fresh Mood Body Spray 150ml X 72,"650463"
"100-RFL Plastic","600","620-HH-Non Food","620",Bucket Oval-10L,"72129"
"100-RFL Plastic","600","620-HH-Non Food","620",Steam Iron,"87949"
"100-RFL Plastic","600","620-HH-Non Food","620",Rice Cooker 1 Lt,"87950"
"705-HILSHA","705","310-Fish","310",Hilsha 5-6 (10kg),"630292"
"411-PUDDING","411","160-Confec","160",PRAN Pudding  Assorted 80gX06pcsX8 Tray,"103189"
"450-Aromatic Rice","450","170-Rice","170",Mughal Chinigura Rice 1 kg X 25,"101238"
"405-ECLAIR","405","160-Confec","160",Sweet Land Chocolate Panda Shape 7gX20pX12box,"103208"
"170-Cnr Hot","170","130-SN-BD","130",Pran Chanachur ( Normal) 250gmX24pcs,"104112"
"170-Cnr Hot","170","130-SN-BD","130",Pran Chanachur (Normal)120gmX48pcs,"104110"
"170-Cnr Hot","170","130-SN-BD","130",Pran Chanachur ( Normal) 50gmX96pcs,"104118"
"071-JU-Pak Family","071","112-JU-Pak","112",Pomegranate TP 1000ml X 12 pcs (Drinks),"108117"
"675-DR Oth","052","107-DR-Oth","107",Pran Sour Plum Drink Pet 320ml X 24 pcs,"106712"
"675-DR Oth","052","107-DR-Oth","107",Pran Tamarind Drink Pet 320ml X 24 pcs,"106713"
"675-DR Oth","052","107-DR-Oth","107",Pran Bird Nest Flavoured Drinkpet 320ml X 24 pcs,"106714"
"404-C BEAN","404","160-Confec","160",M&S Chocolate Baby Feeder 35gmX25PX6JAR,"103200"
"010-LD","010","105-DR-LD","105",hhh,hh
"042-Can-LAVILA","042","111-JU-Can","111",Lavila  Orange Drink 330ml X 24 Can,"102529"
"040-Can-Coco Water","040","111-JU-Can","111",Pran Coconut Water (100%) 330Ml X 24 Pcs,"105689"
"65-Shampoo","650","623-Cosmetics","623",Clear Shamoo Extra Strength  (325mlX24),"650192"
"65-Shampoo","650","623-Cosmetics","623",Clear Shampoo Advance Anti Hairfall (300mlX24),"650193"
"65-Shampoo","650","623-Cosmetics","623",Clear Shampoo Extra Strength (300mlX24),"650194"
"65-Shampoo","650","623-Cosmetics","623",Clear Shampoo Ice Cool Menthol (300mlX24),"650195"
"65-Shampoo","650","623-Cosmetics","623",Head & Shoulder cool Menthol (330mlX12),"650380"
"851-B. BEEF","851","330-MEAT","330",Perut Bhuri 20 kg,"630400"
"851-B. BEEF","851","330-MEAT","330",Beef Brisket Bone/Tulang,"630401"
"65-Shampoo","650","623-Cosmetics","623",Sunsilk shampoo  Black Shine 300mlx 3s x 4pack,"650501"
"65-Shampoo","650","623-Cosmetics","623",Head & Shoulders Apple Fresh  330mlx12,"650379"
"69-Blade","690","623-Cosmetics","623",Treet Platinum Blade 5X20X50 ),"650465"
"69-Blade","690","623-Cosmetics","623",PRO 500 Platinum Blade 5X100X20 ),"650466"
"540-Pkl","540","180-HH-Food","180",Mango Pickle 400gmX12pcs (GB),"107341"
"540-Pkl","540","180-HH-Food","180",Mixed Pickle 400gmX12pcs (GB),"107342"
"540-Pkl","540","180-HH-Food","180",Olive Pickle 400gmX12pcs(GB),"107343"
"520-Sauce","520","180-HH-Food","180",PRAN KASUNDI (PET JAR) 300GM,"444415"
"330-Spc Jar","330","150-Spc","150",MUGHAL BASIL SEED (PAPER PACK) 100GM,"444416"
"142-Dairy-UHT","142","120-Dairy","120",PRAN MIX FRUIT JAM (GLASS JAR) 375GM,"444401"
"142-Dairy-UHT","142","120-Dairy","120",PRAN GINGER POWDER 130gm (PET JAR),"444230"
"278-Bisc-Oth","278","145-Biscuit","145",PRAN COOKIES MALTED MILK BISCUIT JAR 900GM,"444301"
"051-Jus-GB","051","107-DR-Oth","107",Pran Mango Juice GB (250ml X 4 X 6 Bottle),"105877"
"051-Jus-GB","051","107-DR-Oth","107",Pran Lychee Juice GB (250ml X 4 X 6 Bottle),"105878"
"051-Jus-GB","051","107-DR-Oth","107",Pran Fruit Punch Juice GB (250ml X 4 X 6 Bottle),"105879"
"051-Jus-GB","051","107-DR-Oth","107",Pran Pomegranate Juice GB (250ml X 4 X 6 Bottle),"105880"
"051-Jus-GB","051","107-DR-Oth","107",Pran Grape Juice GB (250ml X 4 X 6 Bottle),"105881"
"051-Jus-GB","051","107-DR-Oth","107",Pran Lemon Barley Juice GB (250ml X 4 X 6 Bottle),"105882"
"402-CANDY","402","160-Confec","160",Pran Halloween Lolly Pops Skull Cup 10gX27pcX 12cup,"103168"
"402-CANDY","402","160-Confec","160",Pran Halloween Lolly Pops Pumpkin Cup 10gX27pcX 12cup,"103169"
"402-CANDY","402","160-Confec","160",Pran Halloween Lolly Pops Frankenstein Cup 10gX27pcX 12cup,"103170"
"404-C BEAN","404","160-Confec","160",M & S Bicyle Toy 8 gm X 20 PCS  X 6 JAR,"103199"
"300-Wafer","300","146-Bakery","146",Pran Mama Wafer Assorted 24g X 04p X24com,"107774"
"412-Surp Egg","412","160-Confec","160",Humpty Dumpty 20 Gm (16 Pcs X 8 Box),"103173"
"412-Surp Egg","412","160-Confec","160",PREMIO PARADISE 15 GM X 6 PCS X 6 BOX,"103174"
"406-C BAR","406","160-Confec","160",PRAN CHOCO LORD BAR 55 GM 30 PCS x 6 BOX,"103175"
"404-C BEAN","404","160-Confec","160",PRAN CHOCOBEAN TUBE 40 GM 10 PCS x 12 pack,"103176"
"404-C BEAN","404","160-Confec","160",Pluto Choco Bean Tube Big 35gm (12pcs x 16 Box),"103177"
"851-B. BEEF","851","330-MEAT","330",Mutton Cube 10 kg (AP),"630402"
Basil Pet,"1100","110-JU-PET","110",Pran Basil Seed Pet Lychee 250ml X 24 pcs,"106509"
Basil Pet,"1100","110-JU-PET","110",Pran Basil Seed Pet Pineapple 250ml X 24 pcs,"106510"
Basil Pet,"1100","110-JU-PET","110",Pran Basil Seed Pet Strawberry 250ml X 24 pcs,"106511"
"420-Oil Palm","419","171-Commd","171",Vegetable Cooking Oil 01 Ltr X 12 Pcs,"107274"
"091-Enez-Oth","091","115-VitaPower","115",Power ( Berry Blast ) Energy Drink 330ml X 24 pcs,"105690"
"100-RFL Plastic","600","620-HH-Non Food","620",Divine Jug 2 Ltr. Pink,"72185"
"221-Marketing Items","221","620-HH-Non Food","620",Head Phone,"777120"
"221-Marketing Items","221","620-HH-Non Food","620",Smart Watch,"777121"
"100-RFL Plastic","600","620-HH-Non Food","620",Wireless Speakers,"777122"
"091-Enez-Oth","091","115-VitaPower","115",Hemavition Energy Drink Orginal 150 ml X 50p,"105697"
"402-CANDY","402","160-Confec","160",Pran MR.Tom Candy 150pcs X 12jar-Ctn(India),"103178"
"080-Power- Pet","080","115-VitaPower","115",Power Energy Drink Pet 250ml X 24p (Malay),"105698"
"143-Cream","143","120-Dairy","120",Pran Sweetened Creamer 2.5 Kg X 08 pcs,"107804"
"440-Basmathi Rice","440","170-Rice","170",PRAN 1121 Basmati Rice 01kg X 20 pcs,"101240"
"705-HILSHA","705","310-Fish","310",Hilsha -800gm-1000gm(11kg),"630313"
"274-Bisc-Cracker","274","145-Biscuit","145",Fit Crackers Biscuit 120 gm X 48 Pcs,"102399"
"540-Pkl","540","180-HH-Food","180",Pran Mango Kasundi Pickle 400gm X 12Pcs(GB),"107344"
"69-Blade","690","623-Cosmetics","623",RK Platinum Blade 5X20X100,"650467"
"625-Lighter","625","620-HH-Non Food","620",NYC Lighter ( CL-500) 50pcs X 20Box,"680007"
"221-Marketing Items","221","620-HH-Non Food","620",Pran Juice T-shirt,"777001"
"221-Marketing Items","221","620-HH-Non Food","620",Shopping Bag (Non woven)(210X297X88 MM),"777124"
"625-Lighter","625","620-HH-Non Food","620",VTU Hair Trimmer (VT-8001) 1 X 1,"680008"
"451-ATTA","449","171-Commd","171",Tepung Gandum 1kgX12 pcs,"101309"
"276-Bisc-Cookie Jar","276","145-Biscuit","145",Pran Cookies Chocolate Biscuit 800gm X 6 Jar,"102701"
"276-Bisc-Cookie Jar","276","145-Biscuit","145",Pran Cookies Peanut Biscuit 800gm X 6 Jar,"102702"
"276-Bisc-Cookie Jar","276","145-Biscuit","145",Pran Cookies Coconut Biscuit 800gm X 6 Jar,"102703"
"276-Bisc-Cookie Jar","276","145-Biscuit","145",Pran Cookies Tea Biscuit 800gm X 6 Jar,"102704"
"300-Wafer","300","146-Bakery","146",Pran Mama Wafer Chocolate 24g X 04p X24com,"107777"
"300-Wafer","300","146-Bakery","146",Pran Mama Wafer Strawberry 24g X 04p X24com,"107778"
"300-Wafer","300","146-Bakery","146",Pran Mama Wafer Vanila 24g X 04p X24com,"107779"
"300-Wafer","300","146-Bakery","146",Pran Mama Wafer Milk 24g X 04p X24com,"107781"
"702-Fish Oth","702","310-Fish","310",Gulsha fish 500 gm X 12 pcs,"630314"
"660-DRY FRUITS","582","180-HH-Food","180",Kurma Retaj (400gm X 12 Pkt),"107168"
"281-Tst-Trad","281","147-Toast","147",Garlic Toast 200gm X 12pcs,"109120"
"660-DRY FRUITS","582","180-HH-Food","180",Kurma 05 kg Box ( Non Returnable ),"107169"
"75-Skin Care","692","623-Cosmetics","623",Fair & Lovely Face Wash 100 gm X 24,"650415"
"100-RFL Plastic","600","620-HH-Non Food","620",Electric Kettle,"87951"
"441-Cooking Rice","441","170-Rice","170",Super Import Rambutan (TWR HIJAU) 10 kg X 1,"101243"
"092-Red Bull","092","115-VitaPower","115",Red Bull Gold Can 250ml X 24 Pcs,"105699"
"280-Tst-M.Cut","280","147-Toast","147",PRAN FAMILY TOAST(LAMINATED PACK),"109105"
"280-Tst-M.Cut","280","147-Toast","147",PRAN DELIGHT GHEE TOAST BISCUIT( LAMINATED PACK),"109104"
"210-Fried Snacks","210","130-SN-BD","130",PRAN CHEERA MIX (FOIL PACK),"107905"
"100-RFL Plastic","600","620-HH-Non Food","620",PVC Cosmic Folding Bench,"931681"
"230-Noodles","230","135-SN-GLB","135",Mr. Noodles Chicken 70 gm X 5 pcs X 12 combo,"107626"
"230-Noodles","230","135-SN-GLB","135",Mr. Noodles Curry 70 gm X 5 pcs X 12 combo,"107627"
"280-Tst-M.Cut","280","147-Toast","147",PRAN DELIGHT GHEE TOAST 300G X 12 P,"444302"
"280-Tst-M.Cut","280","147-Toast","147",PRAN FAMILY TOAST 250 GM X 16 P,"444303"
"210-Fried Snacks","210","130-SN-BD","130",PRAN CHEERA MIX (FOIL PACK),"444422"
"281-Tst-Trad","281","147-Toast","147",Toast Baby Rusk 200gm  X 12pcs,"109121"
"281-Tst-Trad","281","147-Toast","147",Toast Sweet Rusk 200gm  X 12pcs,"109122"
"277-Bisc-Cookie","277","145-Biscuit","145",PRAN Black Forest Chocolate Cookies 96gm X 20pcs,"102380"
"230-Noodles","230","135-SN-GLB","135",Current Noodles Chicken 75gm X30pcs,"109215"
"230-Noodles","230","135-SN-GLB","135",Current Noodles Vegetable 60gm X30pk,"109216"
"113-CSD-Oth","113","116-CSD","116",Extra Joss Active Flovour 1X24X10S,"105813"
"441-Cooking Rice","441","170-Rice","170",Super Import Sinar Timur 1 X 10kg,"101244"
"100-RFL Plastic","600","620-HH-Non Food","620",Humty Dumty Tiffin Box,"777088"
"113-CSD-Oth","113","116-CSD","116",Nescafe Mocha Can 24 X240ml,"105866"
"230-Noodles","230","135-SN-GLB","135",Maggi Kari Flavour 12 X 5 X79g,"107792"
"441-Cooking Rice","441","170-Rice","170",Supper Import Rambutan 1 X 15kg,"101245"
"420-Oil Palm","419","171-Commd","171",Sunflower Cooking Oil (01Ltr X12 ),"107275"
"420-Oil Palm","419","171-Commd","171",Sunflower Cooking Oil (02Ltr X06 ),"107276"
"420-Oil Palm","419","171-Commd","171",Sunflower Cooking Oil (03Ltr X06 ),"107277"
"707-BOAL","707","310-Fish","310",Boal Fish 3 kg Up ( 10 kg) (Non Returnable),"630283"
"702-Fish Oth","702","310-Fish","310",Foli Fish 01 kg X 10pcak (Non Returnable),"630284"
"090-Enez Can","090","115-VitaPower","115",Big Power Energy Drink 300ml X 24,"105501"
"090-Enez Can","090","115-VitaPower","115",Big Power Energy Coffee  325ml X 24,"105502"
"090-Enez Can","090","115-VitaPower","115",Spoti Vitamin C 1000mg Orange 325ml X 24,"105506"
"090-Enez Can","090","115-VitaPower","115",BIG BEE Honey Drink 325ml X 24,"105511"
"705-HILSHA","705","310-Fish","310",Hilsha -1500gm -2000gm (10kg)(Non Returnable),"630298"
"63-SOAP","630","623-Cosmetics","623",Dettol Soap Skincare (100gmX144pcs),"650468"
"210-Fried Snacks","210","130-SN-BD","130",Dal Vaja 60gm/200pac-Ctn,"444423"
"540-Pkl","540","180-HH-Food","180",PRAN GARLIC PASTE (PET JAR),"444410"
"292-DCake-PRAN","292","146-Bakery","146",ALL TIME DRY CAKE ( PAPER PACK),"444304"
"010-LD","010","105-DR-LD","105",PRAN LITCHI FRUIT DRINK 150 ML ( PULP BASED )( PET BOTTLE),"444504"
Concentrate,"1101","110-JU-PET","110",Pran Mango Juice ( Concentrate) 1000 mlX12pcs,"106601"
Concentrate,"1101","110-JU-PET","110",Pran Lychee Juice ( Concentrate) 1000 mlX12pcs,"106603"
Concentrate,"1101","110-JU-PET","110",Pran Strawberry ( Concentrate) 1000 mlX12pcs,"106604"
"143-Cream","143","120-Dairy","120",Kopi & Teh Tarik Sweetened Creamer 500gmX48p,"107805"
Salt,"1106","171-Commd","171",Pran Salt 450gX10PcsX6pack,"610302"
"230-Noodles","230","135-SN-GLB","135",Current Noodles HOT & Spicy 100gm X20pk,"109217"
"300-Wafer","300","146-Bakery","146",Mama Cube Wafer Milk 100gm X 24 pcs,"107782"
"300-Wafer","300","146-Bakery","146",Mama Cube Wafer Strawberry 100gm X 24 pcs,"107783"
"300-Wafer","300","146-Bakery","146",Mama Cube Wafer Orange 100gm X 24 pcs,"107784"
"300-Wafer","300","146-Bakery","146",Mama Cube Wafer Chocolate 100gm X 24 pcs,"107785"
Vegetable,"420","171-Commd","171",Onion Bag PAK (Bawang)  7kg X 1,"610035"
"420-Oil Palm","419","171-Commd","171",Onion Bag (Bawang)  8kg X 1,"610036"
"420-Oil Palm","419","171-Commd","171",Garlic (Bawang Putih) 5 Kg X 1,"610038"
"090-Enez Can","090","115-VitaPower","115",Big Power Energy Drink 250ml X 24,"105503"
"451-ATTA","449","171-Commd","171",Pran Chakki Atta 05kg X 4pack,"101310"
"010-LD","010","105-DR-LD","105",Litchi Drink 150ml X 72 pcs,"105765"
Vegetable,"420","171-Commd","171",Garlic (Bawang Putih) 3 Kg X 1+-,"610039"
"277-Bisc-Cookie","277","145-Biscuit","145",All Time ROMA Chocolate Cookies 96gX20pcs,"102712"
"63-SOAP","630","623-Cosmetics","623",Dove Bar Soap Beauty Cream 90gmX 4PcsX12Pack,"650332"
"63-SOAP","630","623-Cosmetics","623",Dove Bar Soap Pink 90gm X 4pcs X 12Pack,"650333"
"63-SOAP","630","623-Cosmetics","623",Dove Bar Soap Pampering 90gm X 4pcs X 12Pack,"650334"
"420-Oil Palm","419","171-Commd","171",Onion Bag China (Bawang)  6kg X 1,"610040"
"274-Bisc-Cracker","274","145-Biscuit","145",PRAN Coffee Bite Crackers Biscuit 50g x 24 pcs,"102713"
"580-Honey","580","180-HH-Food","180",Retaj Honey Stick  100pX15Jar X08g,"630306"
"580-Honey","580","180-HH-Food","180",Retaj Honey Glass bottle 24X250g,"630307"
Barbican,"107","107-DR-Oth","107",Barbican Apple Flavour 330ml X 24 pcs,"105883"
Barbican,"107","107-DR-Oth","107",Barbican Raspberry 330MLX24pca,"105884"
Barbican,"107","107-DR-Oth","107",Barbican Pineapple 330ml X 24,"105885"
Barbican,"107","107-DR-Oth","107",Barbican Pomegranate 330ml X 24pcs,"105886"
Barbican,"107","107-DR-Oth","107",Barbican Strawberry 330ml X 24 pcs,"105887"
"230-Noodles","230","135-SN-GLB","135",Mr. Noodles Curry 70 gm X 5 pcs + 01 pcs LD,"107795"
"230-Noodles","230","135-SN-GLB","135",Pran Korean Noodles 60 gm X 5 pcs + 01 pcs Drinko,"107797"
Vegetable,"420","171-Commd","171",Onion China ( Bawang) MERAH 4.5kgX1,"610041"
Vegetable,"420","171-Commd","171",Potato ( Kentang Guni ) 4.5 kg X 1 + -,"610042"
Vegetable,"420","171-Commd","171",Garlic ( Bawang Putih ) 6.5 kg X 1 + -,"610043"
"520-Sauce","520","180-HH-Food","180",Yakin Chilli Sauce 250g X 12 Pcs,"107345"
"520-Sauce","520","180-HH-Food","180",Yakin Tomato Ketchup ( SOS) 250g X 12 Pcs,"107346"
"520-Sauce","520","180-HH-Food","180",Yakin Chilli Garlic Sauce 250g X 12 Pcs,"107347"
"520-Sauce","520","180-HH-Food","180",Yakin BBQ Sauce 250g X 12 Pcs,"107348"
"520-Sauce","520","180-HH-Food","180",Yakin Oyster Sauce 250g X 12 Pcs,"107349"
"65-Shampoo","650","623-Cosmetics","623",Clear Shampoo Men Cool Sport (315ml X 24),"650196"
"65-Shampoo","650","623-Cosmetics","623",Clear Shampoo Men Anti Hair Fall (315ml X 24),"650197"
"65-Shampoo","650","623-Cosmetics","623",Clear Shampoo Men Deep Cleanse  (315ml X 24),"650198"
"731-LOTIA","731","310-Fish","310",Dry Loitta 01 X 10 kg ( NON Returnable),"630285"
"402-CANDY","402","160-Confec","160",Pran Chewy Candy Mango 120gX24pack,"103311"
"402-CANDY","402","160-Confec","160",Pran Chewy Candy Orange 120gX24pack,"103312"
"402-CANDY","402","160-Confec","160",Pran Chewy Candy Litchi 120gX24pack,"103313"
"402-CANDY","402","160-Confec","160",Pran Chewy Candy Strawberry 120gX24pack,"103314"
"402-CANDY","402","160-Confec","160",Pran Chewy Candy Apple 120gX24pack,"103315"
"402-CANDY","402","160-Confec","160",Pran Chewy Candy Guava 120gX24pack,"103316"
"402-CANDY","402","160-Confec","160",Pran Chewy Candy Black Currant 120gX24pack,"103317"
"330-Spc Jar","330","150-Spc","150",PRAN GARAM MASALA  JAR 250gm X 24pcs,"444231"
"330-Spc Jar","330","150-Spc","150",CHILLI POWDER JAR 130GM X 24 Pcs,"444232"
Vegetable,"420","171-Commd","171",Garlic ( Bawang Putih ) 250Gm X 20pcs,"610044"
Barbican,"107","107-DR-Oth","107",Barbican Malt  330MLX24pcs,"105888"
Barbican,"107","107-DR-Oth","107",Barbican Lemon  330MLX24pcs,"105889"
Barbican,"107","107-DR-Oth","107",Barbican Peach 330ml X 24 pcs,"105900"
"402-CANDY","402","160-Confec","160",Pran Coffee Candy 119gm X 48 Pack,"103309"
"672-Motor Cycle","672","620-HH-Non Food","620",VMK8492,"811152"
"672-Motor Cycle","672","620-HH-Non Food","620",VJE3437,"811153"
"672-Motor Cycle","672","620-HH-Non Food","620",VMU2263,"811154"
"672-Motor Cycle","672","620-HH-Non Food","620",VJN7371,"811155"
"672-Motor Cycle","672","620-HH-Non Food","620",VMR8352,"811156"
"672-Motor Cycle","672","620-HH-Non Food","620",VJK3761,"811157"
"672-Motor Cycle","672","620-HH-Non Food","620",VMA7167,"811158"
"672-Motor Cycle","672","620-HH-Non Food","620",VJK3708,"811159"
"672-Motor Cycle","672","620-HH-Non Food","620",VMK8458,"811160"
"672-Motor Cycle","672","620-HH-Non Food","620",VFW9214,"811161"
"672-Motor Cycle","672","620-HH-Non Food","620",VJG4119,"811162"
"672-Motor Cycle","672","620-HH-Non Food","620",VHE 2239,"811163"
"672-Motor Cycle","672","620-HH-Non Food","620",VJE7552,"811164"
"672-Motor Cycle","672","620-HH-Non Food","620",VJM2582,"811165"
"672-Motor Cycle","672","620-HH-Non Food","620",WC4230U,"811166"
"672-Motor Cycle","672","620-HH-Non Food","620",VLY1141,"811167"
"672-Motor Cycle","672","620-HH-Non Food","620",VFP2686,"811168"
"672-Motor Cycle","672","620-HH-Non Food","620",VBA7439,"811169"
"672-Motor Cycle","672","620-HH-Non Food","620",WC7794L,"811170"
"672-Motor Cycle","672","620-HH-Non Food","620",WC3324V,"811171"
"672-Motor Cycle","672","620-HH-Non Food","620",VFK8962,"811172"
"672-Motor Cycle","672","620-HH-Non Food","620",VGK3252,"811173"
"672-Motor Cycle","672","620-HH-Non Food","620",VMA7273,"811174"
"672-Motor Cycle","672","620-HH-Non Food","620",VJN7355,"811175"
"672-Motor Cycle","672","620-HH-Non Food","620",VMA9170,"811176"
"672-Motor Cycle","672","620-HH-Non Food","620",VJE7570,"811177"
"672-Motor Cycle","672","620-HH-Non Food","620",VBA7429,"811178"
"672-Motor Cycle","672","620-HH-Non Food","620",VJQ8691,"811179"
"672-Motor Cycle","672","620-HH-Non Food","620",VLY1149,"811180"
"672-Motor Cycle","672","620-HH-Non Food","620",VJG4135,"811181"
"672-Motor Cycle","672","620-HH-Non Food","620",VFA2998,"811182"
"672-Motor Cycle","672","620-HH-Non Food","620",VHX8834,"811183"
"672-Motor Cycle","672","620-HH-Non Food","620",WC2049L,"811184"
"672-Motor Cycle","672","620-HH-Non Food","620",VBK2834,"811185"
"672-Motor Cycle","672","620-HH-Non Food","620",VJE3438,"811186"
"672-Motor Cycle","672","620-HH-Non Food","620",VJE7556,"811187"
"672-Motor Cycle","672","620-HH-Non Food","620",VHE2310,"811188"
"672-Motor Cycle","672","620-HH-Non Food","620",BRB1571,"811189"
"672-Motor Cycle","672","620-HH-Non Food","620",VMR8340,"811190"
"672-Motor Cycle","672","620-HH-Non Food","620",VMK8491,"811191"
"672-Motor Cycle","672","620-HH-Non Food","620",VHE2016,"811192"
"672-Motor Cycle","672","620-HH-Non Food","620",VMH8750,"811193"
"672-Motor Cycle","672","620-HH-Non Food","620",VMR8350,"811194"
"672-Motor Cycle","672","620-HH-Non Food","620",vg6183,"811195"
"672-Motor Cycle","672","620-HH-Non Food","620",VJE773,"811196"
"672-Motor Cycle","672","620-HH-Non Food","620",Accident,"811197"
"672-Motor Cycle","672","620-HH-Non Food","620",VMH8732,"811198"
"672-Motor Cycle","672","620-HH-Non Food","620",VHE2052,"811199"
"672-Motor Cycle","672","620-HH-Non Food","620",VHC2380,"811200"
"672-Motor Cycle","672","620-HH-Non Food","620",VGS4176,"811201"
"672-Motor Cycle","672","620-HH-Non Food","620",VJK3885,"811202"
"672-Motor Cycle","672","620-HH-Non Food","620",VLY1137,"811203"
"672-Motor Cycle","672","620-HH-Non Food","620",WB934 Y,"811204"
"672-Motor Cycle","672","620-HH-Non Food","620",VBK2837,"811205"
"672-Motor Cycle","672","620-HH-Non Food","620",VJK3757,"811206"
"672-Motor Cycle","672","620-HH-Non Food","620",VBR1529,"811207"
"672-Motor Cycle","672","620-HH-Non Food","620",VBA7457,"811208"
"672-Motor Cycle","672","620-HH-Non Food","620",WC8487P,"811209"
"672-Motor Cycle","672","620-HH-Non Food","620",VJN7375,"811210"
"672-Motor Cycle","672","620-HH-Non Food","620",VBR1541,"811211"
"672-Motor Cycle","672","620-HH-Non Food","620",WD5530B,"811212"
"672-Motor Cycle","672","620-HH-Non Food","620",WC7763L,"811213"
"672-Motor Cycle","672","620-HH-Non Food","620",VGN7045,"811214"
"672-Motor Cycle","672","620-HH-Non Food","620",WC8457P,"811215"
"672-Motor Cycle","672","620-HH-Non Food","620",WC7769L,"811216"
"672-Motor Cycle","672","620-HH-Non Food","620",WC7765P,"811217"
"672-Motor Cycle","672","620-HH-Non Food","620",VGL5609,"811218"
"672-Motor Cycle","672","620-HH-Non Food","620",VHC2354,"811219"
"672-Motor Cycle","672","620-HH-Non Food","620",WC8351E,"811220"
"672-Motor Cycle","672","620-HH-Non Food","620",BMK2637,"811221"
"672-Motor Cycle","672","620-HH-Non Food","620",VGN7041,"811222"
"672-Motor Cycle","672","620-HH-Non Food","620",WB7427Y,"811223"
"672-Motor Cycle","672","620-HH-Non Food","620",VAN8653,"811224"
"672-Motor Cycle","672","620-HH-Non Food","620",WB5334S,"811225"
"672-Motor Cycle","672","620-HH-Non Food","620",WC8489P,"811226"
"672-Motor Cycle","672","620-HH-Non Food","620",VHR7153,"811227"
"672-Motor Cycle","672","620-HH-Non Food","620",W9242E,"811228"
"672-Motor Cycle","672","620-HH-Non Food","620",VAN8667,"811229"
"672-Motor Cycle","672","620-HH-Non Food","620",BMK2597,"811230"
"672-Motor Cycle","672","620-HH-Non Food","620",VBK2820,"811231"
"672-Motor Cycle","672","620-HH-Non Food","620",VBR1543,"811232"
"672-Motor Cycle","672","620-HH-Non Food","620",VFV1558,"811233"
"672-Motor Cycle","672","620-HH-Non Food","620",VGG5645,"811234"
"672-Motor Cycle","672","620-HH-Non Food","620",wc543s,"811235"
"672-Motor Cycle","672","620-HH-Non Food","620",wd5534a,"811236"
"672-Motor Cycle","672","620-HH-Non Food","620",WC3287V,"811237"
"672-Motor Cycle","672","620-HH-Non Food","620",BV6934Y,"811238"
"672-Motor Cycle","672","620-HH-Non Food","620",WD5531A,"811239"
"672-Motor Cycle","672","620-HH-Non Food","620",WC7795L,"811240"
"672-Motor Cycle","672","620-HH-Non Food","620",WB5664S,"811241"
"672-Motor Cycle","672","620-HH-Non Food","620",VAN2910,"811242"
"672-Motor Cycle","672","620-HH-Non Food","620",VAN2917,"811243"
"672-Motor Cycle","672","620-HH-Non Food","620",VAN8664,"811244"
"672-Motor Cycle","672","620-HH-Non Food","620",WC7764P,"811245"
"672-Motor Cycle","672","620-HH-Non Food","620",WC2046L,"811246"
"672-Motor Cycle","672","620-HH-Non Food","620",WC547H,"811247"
"672-Motor Cycle","672","620-HH-Non Food","620",VBA7452,"811248"
"672-Motor Cycle","672","620-HH-Non Food","620",WC4238U,"811249"
"672-Motor Cycle","672","620-HH-Non Food","620",BMK2527,"811250"
"672-Motor Cycle","672","620-HH-Non Food","620",WC560H,"811251"
"672-Motor Cycle","672","620-HH-Non Food","620",WC7784P,"811252"
"672-Motor Cycle","672","620-HH-Non Food","620",WB7498Y,"811253"
"672-Motor Cycle","672","620-HH-Non Food","620",WITHOUT No-1,"811254"
"672-Motor Cycle","672","620-HH-Non Food","620",VHC2370,"811255"
"672-Motor Cycle","672","620-HH-Non Food","620",WD5489B,"811256"
"672-Motor Cycle","672","620-HH-Non Food","620",VFY7540,"811257"
"672-Motor Cycle","672","620-HH-Non Food","620",VBJ3512,"811258"
"672-Motor Cycle","672","620-HH-Non Food","620",VJK3730,"811259"
"672-Motor Cycle","672","620-HH-Non Food","620",WC536H,"811260"
"672-Motor Cycle","672","620-HH-Non Food","620",VJE7558,"811261"
"672-Motor Cycle","672","620-HH-Non Food","620",VFY7548,"811262"
"672-Motor Cycle","672","620-HH-Non Food","620",VFW9227,"811263"
"672-Motor Cycle","672","620-HH-Non Food","620",VHA7554,"811264"
"672-Motor Cycle","672","620-HH-Non Food","620",VJM2590,"811265"
"672-Motor Cycle","672","620-HH-Non Food","620",VAX3270,"811266"
"672-Motor Cycle","672","620-HH-Non Food","620",VJM2133,"811267"
"672-Motor Cycle","672","620-HH-Non Food","620",VJG4115,"811268"
"672-Motor Cycle","672","620-HH-Non Food","620",VGK3261,"811269"
"672-Motor Cycle","672","620-HH-Non Food","620",VJK5509,"811270"
"672-Motor Cycle","672","620-HH-Non Food","620",VBR1539,"811271"
"672-Motor Cycle","672","620-HH-Non Food","620",WB4249Y,"811272"
"672-Motor Cycle","672","620-HH-Non Food","620",VHR7131,"811273"
"672-Motor Cycle","672","620-HH-Non Food","620",WC7760L,"811274"
"672-Motor Cycle","672","620-HH-Non Food","620",VFQ1922,"811275"
"672-Motor Cycle","672","620-HH-Non Food","620",VFU3850,"811276"
"672-Motor Cycle","672","620-HH-Non Food","620",WCP7774P,"811277"
"672-Motor Cycle","672","620-HH-Non Food","620",VHA9721,"811278"
"672-Motor Cycle","672","620-HH-Non Food","620",VHT9874,"811279"
"672-Motor Cycle","672","620-HH-Non Food","620",VMR8362,"811280"
"672-Motor Cycle","672","620-HH-Non Food","620",VMA7233,"811281"
"672-Motor Cycle","672","620-HH-Non Food","620",VHE2260,"811282"
"672-Motor Cycle","672","620-HH-Non Food","620",VGQ7398,"811283"
"672-Motor Cycle","672","620-HH-Non Food","620",VHT9934,"811284"
"672-Motor Cycle","672","620-HH-Non Food","620",BMK2641,"811285"
"672-Motor Cycle","672","620-HH-Non Food","620",VGK3256,"811286"
"672-Motor Cycle","672","620-HH-Non Food","620",VGR6167,"811287"
"672-Motor Cycle","672","620-HH-Non Food","620",VGQ7360,"811288"
"672-Motor Cycle","672","620-HH-Non Food","620",VMA7161,"811289"
"672-Motor Cycle","672","620-HH-Non Food","620",VJK5503,"811290"
"672-Motor Cycle","672","620-HH-Non Food","620",VGQ7340,"811291"
"672-Motor Cycle","672","620-HH-Non Food","620",VBK2831,"811292"
"672-Motor Cycle","672","620-HH-Non Food","620",BNN4535,"811293"
"672-Motor Cycle","672","620-HH-Non Food","620",VLY1187,"811294"
"672-Motor Cycle","672","620-HH-Non Food","620",VHE2290,"811295"
"672-Motor Cycle","672","620-HH-Non Food","620",VGL5604,"811296"
"672-Motor Cycle","672","620-HH-Non Food","620",VGR7018,"811297"
"672-Motor Cycle","672","620-HH-Non Food","620",VMR8356,"811298"
"672-Motor Cycle","672","620-HH-Non Food","620",VGN7040,"811299"
"672-Motor Cycle","672","620-HH-Non Food","620",VMK8462,"811300"
"672-Motor Cycle","672","620-HH-Non Food","620",VJK3717,"811301"
"672-Motor Cycle","672","620-HH-Non Food","620",VLY1145,"811302"
"672-Motor Cycle","672","620-HH-Non Food","620",VMA7144,"811303"
"672-Motor Cycle","672","620-HH-Non Food","620",VEY9442,"811304"
"672-Motor Cycle","672","620-HH-Non Food","620",VHC2324,"811305"
"672-Motor Cycle","672","620-HH-Non Food","620",VFR4999,"811306"
"672-Motor Cycle","672","620-HH-Non Food","620",VFU3856,"811307"
"672-Motor Cycle","672","620-HH-Non Food","620",VAX3394,"811308"
"672-Motor Cycle","672","620-HH-Non Food","620",VJG4122,"811309"
"672-Motor Cycle","672","620-HH-Non Food","620",VJG4121,"811310"
"672-Motor Cycle","672","620-HH-Non Food","620",VJM2050,"811311"
"672-Motor Cycle","672","620-HH-Non Food","620",VFR5016,"811312"
"672-Motor Cycle","672","620-HH-Non Food","620",VGR 9149,"811313"
"672-Motor Cycle","672","620-HH-Non Food","620",VMA7152,"811314"
"672-Motor Cycle","672","620-HH-Non Food","620",Vjm2114,"811315"
"672-Motor Cycle","672","620-HH-Non Food","620",VJM2127,"811316"
"672-Motor Cycle","672","620-HH-Non Food","620",VGR6174,"811317"
"672-Motor Cycle","672","620-HH-Non Food","620",VGG5648,"811318"
"672-Motor Cycle","672","620-HH-Non Food","620",VGR9146,"811319"
"672-Motor Cycle","672","620-HH-Non Food","620",VHT4631,"811320"
"672-Motor Cycle","672","620-HH-Non Food","620",VHR7159,"811321"
"672-Motor Cycle","672","620-HH-Non Food","620",WC7785L,"811322"
"672-Motor Cycle","672","620-HH-Non Food","620",VMH8734,"811323"
"672-Motor Cycle","672","620-HH-Non Food","620",VFU3854,"811324"
"672-Motor Cycle","672","620-HH-Non Food","620",VGN7042,"811325"
"672-Motor Cycle","672","620-HH-Non Food","620",WB7592Y,"811326"
"672-Motor Cycle","672","620-HH-Non Food","620",VFA3013,"811327"
"672-Motor Cycle","672","620-HH-Non Food","620",VHA7352,"811328"
"672-Motor Cycle","672","620-HH-Non Food","620",VBJ3514,"811329"
"672-Motor Cycle","672","620-HH-Non Food","620",VGR7006,"811330"
"672-Motor Cycle","672","620-HH-Non Food","620",VHT4556,"811331"
"672-Motor Cycle","672","620-HH-Non Food","620",VJK5759,"811332"
"672-Motor Cycle","672","620-HH-Non Food","620",VGK3255,"811333"
"672-Motor Cycle","672","620-HH-Non Food","620",WC6304,"811334"
"672-Motor Cycle","672","620-HH-Non Food","620",VJK5535,"811335"
"672-Motor Cycle","672","620-HH-Non Food","620",VJK3753,"811336"
"672-Motor Cycle","672","620-HH-Non Food","620",WC8937V,"811337"
"672-Motor Cycle","672","620-HH-Non Food","620",VAN8651,"811338"
"672-Motor Cycle","672","620-HH-Non Food","620",VHT4622,"811339"
"672-Motor Cycle","672","620-HH-Non Food","620",VJE3431,"811340"
"672-Motor Cycle","672","620-HH-Non Food","620",VFU3847,"811341"
"672-Motor Cycle","672","620-HH-Non Food","620",VJK3723,"811342"
"672-Motor Cycle","672","620-HH-Non Food","620",VCU3502,"811343"
"672-Motor Cycle","672","620-HH-Non Food","620",VFU3845,"811344"
"672-Motor Cycle","672","620-HH-Non Food","620",VMA7194,"811345"
"672-Motor Cycle","672","620-HH-Non Food","620",VJE3424,"811346"
"672-Motor Cycle","672","620-HH-Non Food","620",VMK8469,"811347"
"672-Motor Cycle","672","620-HH-Non Food","620",VLY1170,"811348"
"672-Motor Cycle","672","620-HH-Non Food","620",VMA7242,"811349"
"672-Motor Cycle","672","620-HH-Non Food","620",WC7763 L,"811350"
"672-Motor Cycle","672","620-HH-Non Food","620",VJM2584,"811351"
"672-Motor Cycle","672","620-HH-Non Food","620",VLY1154,"811352"
"672-Motor Cycle","672","620-HH-Non Food","620",VJE3442,"811353"
"672-Motor Cycle","672","620-HH-Non Food","620",VGR6153,"811354"
"672-Motor Cycle","672","620-HH-Non Food","620",VGK3248,"811355"
"672-Motor Cycle","672","620-HH-Non Food","620",VFV1553,"811356"
"672-Motor Cycle","672","620-HH-Non Food","620",VMH8736,"811357"
"672-Motor Cycle","672","620-HH-Non Food","620",VFU3851,"811358"
"672-Motor Cycle","672","620-HH-Non Food","620",VJK3713,"811359"
"672-Motor Cycle","672","620-HH-Non Food","620",VFQ7406,"811360"
"672-Motor Cycle","672","620-HH-Non Food","620",VBJ3509,"811361"
"672-Motor Cycle","672","620-HH-Non Food","620",VHA9760,"811362"
"672-Motor Cycle","672","620-HH-Non Food","620",VFQ1920,"811363"
"672-Motor Cycle","672","620-HH-Non Food","620",VGQ8707,"811364"
"672-Motor Cycle","672","620-HH-Non Food","620",VGQ7406,"811365"
"672-Motor Cycle","672","620-HH-Non Food","620",VHA9695,"811366"
"672-Motor Cycle","672","620-HH-Non Food","620",VHA9742,"811367"
"672-Motor Cycle","672","620-HH-Non Food","620",VLY1179,"811368"
"672-Motor Cycle","672","620-HH-Non Food","620",VGC1340,"811369"
"672-Motor Cycle","672","620-HH-Non Food","620",WC7794P,"811370"
"672-Motor Cycle","672","620-HH-Non Food","620",VMR8370,"811371"
"672-Motor Cycle","672","620-HH-Non Food","620",VMR8394,"811372"
"672-Motor Cycle","672","620-HH-Non Food","620",WC7762P,"811373"
"672-Motor Cycle","672","620-HH-Non Food","620",VFR5031,"811374"
"672-Motor Cycle","672","620-HH-Non Food","620",BMK2622,"811375"
"672-Motor Cycle","672","620-HH-Non Food","620",VCD5306,"811376"
"672-Motor Cycle","672","620-HH-Non Food","620",VMH8741,"811377"
"672-Motor Cycle","672","620-HH-Non Food","620",VMH8716,"811378"
"672-Motor Cycle","672","620-HH-Non Food","620",VMR8374,"811379"
"672-Motor Cycle","672","620-HH-Non Food","620",VGQ8695,"811380"
"672-Motor Cycle","672","620-HH-Non Food","620",VJK3741,"811381"
"672-Motor Cycle","672","620-HH-Non Food","620",VMK8798,"811382"
"672-Motor Cycle","672","620-HH-Non Food","620",VJK5513,"811383"
"672-Motor Cycle","672","620-HH-Non Food","620",VLY1148,"811384"
"672-Motor Cycle","672","620-HH-Non Food","620",VJK3811,"811385"
"672-Motor Cycle","672","620-HH-Non Food","620",VHT9862,"811386"
"672-Motor Cycle","672","620-HH-Non Food","620",VHA7454,"811387"
"672-Motor Cycle","672","620-HH-Non Food","620",VJK5514,"811388"
"672-Motor Cycle","672","620-HH-Non Food","620",VFK8976,"811389"
"672-Motor Cycle","672","620-HH-Non Food","620",VGK3259,"811390"
"672-Motor Cycle","672","620-HH-Non Food","620",VMH8714,"811391"
"672-Motor Cycle","672","620-HH-Non Food","620",WD5484B,"811392"
"672-Motor Cycle","672","620-HH-Non Food","620",VLY1195,"811393"
"672-Motor Cycle","672","620-HH-Non Food","620",WC4239U,"811394"
"672-Motor Cycle","672","620-HH-Non Food","620",VMK8482,"811395"
"672-Motor Cycle","672","620-HH-Non Food","620",VJG4131,"811396"
"672-Motor Cycle","672","620-HH-Non Food","620",VHR7132,"811397"
"672-Motor Cycle","672","620-HH-Non Food","620",VMK8455,"811398"
"672-Motor Cycle","672","620-HH-Non Food","620",VHE2179,"811399"
"672-Motor Cycle","672","620-HH-Non Food","620",VMK8459,"811400"
"672-Motor Cycle","672","620-HH-Non Food","620",VMH8746,"811401"
"672-Motor Cycle","672","620-HH-Non Food","620",VJN7363,"811402"
"672-Motor Cycle","672","620-HH-Non Food","620",VJK3732,"811403"
"672-Motor Cycle","672","620-HH-Non Food","620",VJM2155,"811404"
"672-Motor Cycle","672","620-HH-Non Food","620",VHR7141,"811405"
"672-Motor Cycle","672","620-HH-Non Food","620",VGL5606,"811406"
"672-Motor Cycle","672","620-HH-Non Food","620",VGK3250,"811407"
"672-Motor Cycle","672","620-HH-Non Food","620",VHR7524,"811408"
"672-Motor Cycle","672","620-HH-Non Food","620",VMK8476,"811409"
"672-Motor Cycle","672","620-HH-Non Food","620",VBA7442,"811410"
"672-Motor Cycle","672","620-HH-Non Food","620",VMH8742,"811411"
"672-Motor Cycle","672","620-HH-Non Food","620",VMH8719,"811412"
"672-Motor Cycle","672","620-HH-Non Food","620",VMR8347,"811413"
"672-Motor Cycle","672","620-HH-Non Food","620",VHE2174,"811414"
"672-Motor Cycle","672","620-HH-Non Food","620",VMA7224,"811415"
"672-Motor Cycle","672","620-HH-Non Food","620",VHA7498,"811416"
"851-B. BEEF","851","330-MEAT","330",Buffelo 85 Liver 10 kg (Non Retunable),"630404"
"851-B. BEEF","851","330-MEAT","330",Buffelo 82 Lung 10 kg ( Non Returnable),"630405"
Vegetable,"420","171-Commd","171",Fresh TARO 4.5 kg X 1,"610045"
"675-DR Oth","052","107-DR-Oth","107",PRAN JELLY DRINKS ASSORTED FLAVOUR  75gm X 144,"106532"
"441-Cooking Rice","441","170-Rice","170",Beras Mutiara Intan (AAA) 1 X 9 kg,"101250"
"402-CANDY","402","160-Confec","160",PRAN Chew Candy Mango 3.5gmX150pcsX 15jar,"103321"
"402-CANDY","402","160-Confec","160",PRAN Chew Candy Strawberry 3.5gmX150pcsX 15jar,"103322"
"402-CANDY","402","160-Confec","160",PRAN Chew Candy Litchi 3.5gmX150pcsX 15jar,"103323"
"402-CANDY","402","160-Confec","160",PRAN Chew Candy Orange 3.5gmX150pcsX 15jar,"103324"
"402-CANDY","402","160-Confec","160",PRAN Chew Candy Guava 3.5gmX150pcsX 15jar,"103325"
"402-CANDY","402","160-Confec","160",PRAN Chew Candy Apple 3.5gmX150pcsX 15jar,"103326"
"402-CANDY","402","160-Confec","160",PRAN Chew Candy Blackcurrant 3.5gmX150pcsX 15jar,"103327"
"404-C BEAN","404","160-Confec","160",CHIK NIC(MINT)-17GX24 PCSX12 DISPENSER-EXP,"103328"
"281-Tst-Trad","281","147-Toast","147",Toast Family Rusk 200gm X 12 pcs,"109123"
"271-Bisc-Potato","273","145-Biscuit","145",Pran Potata Spicy Biscuit 15gmX50pcs X10box,"102714"
Layer Cake,"147","146-Bakery","146",Pran OH Cake Banana 16gX24pcsX12Box,"102761"
Layer Cake,"147","146-Bakery","146",Pran OH Cake Chocolate Milk 16gX24pcsX12Box,"102762"
"441-Cooking Rice","441","170-Rice","170",Super Import Beras JATI (HIJAU) 1 X 10 kg,"101251"
"441-Cooking Rice","441","170-Rice","170",Super Import Beras JATI (BIRU) 1 X 10 kg,"101252"
"441-Cooking Rice","441","170-Rice","170",Super Import Beras JATI (BIRU) 1 X 5 kg,"101253"
Basil Pet,"1100","110-JU-PET","110",Pran Basil Seed Pet Mango 340ml X 24 pcs,"106512"
Basil Pet,"1100","110-JU-PET","110",Pran Basil Seed Pet Orange 340ml X 24 pcs,"106513"
Basil Pet,"1100","110-JU-PET","110",Pran Basil Seed Pet Lychee 340ml X 24 pcs,"106514"
Basil Pet,"1100","110-JU-PET","110",Pran Basil Seed Pet Strawberry 340ml X 24 pcs,"106515"
Basil Pet,"1100","110-JU-PET","110",Pran Basil Seed Pet Pineapple 340ml X 24 pcs,"106516"
Barbican,"107","107-DR-Oth","107",Shams Apple Malt Beverage 320ml X 12 pcs,"105901"
Barbican,"107","107-DR-Oth","107",Shams Peach Malt Beverage 320ml X 12 pcs,"105902"
Barbican,"107","107-DR-Oth","107",Shams Lemon Malt Beverage 320ml X 12 pcs,"105903"
Barbican,"107","107-DR-Oth","107",Shams Pineapple Malt Beverage 320ml X 12 pcs,"105904"
"675-DR Oth","052","107-DR-Oth","107",Shams Tropical Malt Beverage 320ml X 12 pcs,"105905"
"441-Cooking Rice","441","170-Rice","170",Super Import Beras JATI (ISTIMEWA) 1 X 10.2 kg,"101254"
Stationary,"655","620-HH-Non Food","620",DF Pen ( Blu) 12 pcs X 96pouch,"851204"
Stationary,"655","620-HH-Non Food","620",DF Pen Express (Black) 12 pcs x 96 Pouch,"851233"
Stationary,"655","620-HH-Non Food","620",DF Pen Softy 12 pcs x 96 Pouch(97908),"981001"
Stationary,"655","620-HH-Non Food","620",Good luck  Pen School  12pcs X 96 pouch,"889436"
Stationary,"655","620-HH-Non Food","620",DF Pen Student 12 pcs X 96 pouch,"889437"
Stationary,"655","620-HH-Non Food","620",Refill Pen Anytime (Black) 12pcs X 96 pouch,"97951"
Stationary,"655","620-HH-Non Food","620",Refill Pen Craze (Black) 12pcs X 96 pouch,"851230"
Stationary,"655","620-HH-Non Food","620",Refill Pocket Pen ( Black) 12 pcs X 84 pouch,"851232"
Stationary,"655","620-HH-Non Food","620",Refill Pen Ever Fine Assorted (Black) 12pcsX 96pouch,"97922"
Stationary,"655","620-HH-Non Food","620",Highlighter Assorted 05 pcsX 68pouch,"889521"
Stationary,"655","620-HH-Non Food","620",Good Luck Eraser Honey Bee Exclusive 24pcs X 72 pouch,"851213"
Stationary,"655","620-HH-Non Food","620",Good Luck Eraser Colors  24pcs X 72 pouch,"851003"
Stationary,"655","620-HH-Non Food","620",Good Luck Ruller (15cm) 8 pcs X 125 Pouch,"78676"
Vegetable,"420","171-Commd","171",Onion Bag (Bawang 3.8kg X 1) + -,"610046"
"271-Bisc-Potato","273","145-Biscuit","145",Pran Potata Spicy Biscuit Jumbo 20gmX5pcs X24pack,"102715"
Salt,"1106","171-Commd","171",Sun Salt 500gm X 20 pcs,"610303"
"067-Value Pack","067","110-JU-PET","110",Jus Orange Value Pack 1500 ml X 2 X 4 (Pet ),"106310"
"067-Value Pack","067","110-JU-PET","110",Jus Apple Value Pack 1500 ml X 2 X 4 (Pet ),"106325"
Vegetable,"420","171-Commd","171",Garlic ( Bawang Putih ) 800Gm X 10pcs,"610047"
"62-Hair oil","620","623-Cosmetics","623",Parachute 100% Edible Oil Coconut 100ml X 192 Pcs,"650601"
"62-Hair oil","620","623-Cosmetics","623",Parachute 100% Edible Oil Coconut 175 ml X 96 Pcs,"650602"
"62-Hair oil","620","623-Cosmetics","623",Parachute 100% Edible Oil Coconut 500ml X 36 Pcs,"650603"
"276-Bisc-Cookie Jar","276","145-Biscuit","145",Pran Cookies Tea Biscuit 300gm X 12 Jar,"102706"
"276-Bisc-Cookie Jar","276","145-Biscuit","145",Pran Cookies Peanut Biscuit 300gm X 12 Jar,"102707"
"276-Bisc-Cookie Jar","276","145-Biscuit","145",Pran Cookies Chocolate Biscuit 300gm X 12 Jar,"102708"
"276-Bisc-Cookie Jar","276","145-Biscuit","145",Pran Cookies Coconut Biscuit 300gm X 12 Jar,"102709"
"300-Wafer","300","146-Bakery","146",Shero Roll wafer Chocolate 10gX10pX24b,"107787"
"300-Wafer","300","146-Bakery","146",Shero Roll wafer Milk 10gX10pX24b,"107788"
"300-Wafer","300","146-Bakery","146",Shero Roll wafer Vanilla 10gX10pX24b,"107789"
Isabgul,"1105","171-Commd","171",Pran Sat Isabgul 40g X 72pcs,"107912"
Isabgul,"1105","171-Commd","171",Pran Sat Isabgul 20gm X 108pcs,"107913"
"274-Bisc-Cracker","274","145-Biscuit","145",Pran Tea Biscuits 70gm X 24pcs,"102716"
"274-Bisc-Cracker","274","145-Biscuit","145",Pran Mario Biscuits 75gm X 24 pcs,"102717"
"090-Enez Can","090","115-VitaPower","115",Red Bull Gold Can 325 ml X 24 Pcs,"105700"
"015-DRINKO","012","105-DR-LD","105",Drinko Float (Mango) Drink 330ml X 24 Pcs,"105766"
"015-DRINKO","012","105-DR-LD","105",Drinko Float (Orange) Drink 330ml X 24 Pcs,"105767"
"015-DRINKO","012","105-DR-LD","105",Drinko Float (Litchi) Drink 330ml X 24 Pcs,"105768"
"015-DRINKO","012","105-DR-LD","105",Drinko Float (Strawberry) Drink 330ml X 24 Pcs,"105769"
"015-DRINKO","012","105-DR-LD","105",Drinko Float (Pineapple) Drink 330ml X 24 Pcs,"105770"
"651-Garments","651","620-HH-Non Food","620",GAP Men's T-shir White -  S,"378811"
"651-Garments","651","620-HH-Non Food","620",GAP Men's T-shir White - M  ,"378812"
"651-Garments","651","620-HH-Non Food","620",GAP Men's T-shir White - L,"378813"
"651-Garments","651","620-HH-Non Food","620",GAP Men's T-shir White - XL,"378814"
"651-Garments","651","620-HH-Non Food","620",GAP Men's T-shir White - 2XL,"378815"
"651-Garments","651","620-HH-Non Food","620",UP2 Mean's T-Shirt Grey -S,"378816"
"651-Garments","651","620-HH-Non Food","620",UP2 Mean's T-Shirt Grey -M,"378817"
"651-Garments","651","620-HH-Non Food","620",UP2 Mean's T-Shirt Grey -L,"378818"
"651-Garments","651","620-HH-Non Food","620",UP2 Mean's T-Shirt Grey -XL,"378819"
"651-Garments","651","620-HH-Non Food","620",UP2 Mean's T-Shirt Grey -2XL,"378820"
"651-Garments","651","620-HH-Non Food","620",The Roadster Men's T-shirt Yellow-S,"378821"
"651-Garments","651","620-HH-Non Food","620",The Roadster Men's T-shirt Yellow-M,"378822"
"651-Garments","651","620-HH-Non Food","620",The Roadster Men's T-shirt Yellow-L,"378823"
"651-Garments","651","620-HH-Non Food","620",The Roadster Men's T-shirt Yellow-XL,"378824"
"651-Garments","651","620-HH-Non Food","620",The Roadster Men's T-shirt Yellow-2XL,"378825"
"651-Garments","651","620-HH-Non Food","620",The Roadster Men's T-shirt Blue-S,"378826"
"651-Garments","651","620-HH-Non Food","620",The Roadster Men's T-shirt Blue-M,"378827"
"651-Garments","651","620-HH-Non Food","620",The Roadster Men's T-shirt Blue-L,"378828"
"651-Garments","651","620-HH-Non Food","620",The Roadster Men's T-shirt Blue-XL,"378829"
"651-Garments","651","620-HH-Non Food","620",The Roadster Men's T-shirt Blue-2XL,"378830"
"651-Garments","651","620-HH-Non Food","620",The Roadster Men's T-shirt Skin-S,"378831"
"651-Garments","651","620-HH-Non Food","620",The Roadster Men's T-shirt Skin-M,"378832"
"651-Garments","651","620-HH-Non Food","620",The Roadster Men's T-shirt Skin-L,"378833"
"651-Garments","651","620-HH-Non Food","620",The Roadster Men's T-shirt Skin-xL,"378834"
"651-Garments","651","620-HH-Non Food","620",The Roadster Men's T-shirt Skin-2XL,"378835"
"651-Garments","651","620-HH-Non Food","620",SpringField Mean's T-Shirt Navy Blue -S,"378836"
"651-Garments","651","620-HH-Non Food","620",SpringField Mean's T-Shirt Navy Blue -M,"378837"
"651-Garments","651","620-HH-Non Food","620",SpringField Mean's T-Shirt Navy Blue -L,"378838"
"651-Garments","651","620-HH-Non Food","620",SpringField Mean's T-Shirt Navy Blue -XL,"378839"
"651-Garments","651","620-HH-Non Food","620",SpringField Mean's T-Shirt Navy Blue -2XL,"378840"
"651-Garments","651","620-HH-Non Food","620",SpringField Mean's T-Shirt Green -S,"378841"
"651-Garments","651","620-HH-Non Food","620",SpringField Mean's T-Shirt Green -M,"378842"
"651-Garments","651","620-HH-Non Food","620",SpringField Mean's T-Shirt Green -L,"378843"
"651-Garments","651","620-HH-Non Food","620",SpringField Mean's T-Shirt Green -XL,"378844"
"651-Garments","651","620-HH-Non Food","620",SpringField Mean's T-Shirt Green -2XL,"378845"
"651-Garments","651","620-HH-Non Food","620",SpringField Mean's T-Shirt Maroon -S,"378846"
"651-Garments","651","620-HH-Non Food","620",SpringField Mean's T-Shirt Maroon -M,"378847"
"651-Garments","651","620-HH-Non Food","620",SpringField Mean's T-Shirt Maroon -L,"378848"
"651-Garments","651","620-HH-Non Food","620",SpringField Mean's T-Shirt Maroon -XL,"378849"
"651-Garments","651","620-HH-Non Food","620",SpringField Mean's T-Shirt Maroon -2XL,"378850"
"651-Garments","651","620-HH-Non Food","620",Serra Ladies T-Shirt Grey -S,"378851"
"651-Garments","651","620-HH-Non Food","620",Serra Ladies T-Shirt Grey -M,"378852"
"651-Garments","651","620-HH-Non Food","620",Serra Ladies T-Shirt Grey -L,"378853"
"651-Garments","651","620-HH-Non Food","620",Serra Ladies T-Shirt Grey -XL,"378854"
"651-Garments","651","620-HH-Non Food","620",Serra Ladies T-Shirt Grey -2XL,"378855"
"651-Garments","651","620-HH-Non Food","620",Serra Ladies T-Shirt White -S,"378856"
"651-Garments","651","620-HH-Non Food","620",Serra Ladies T-Shirt White -M,"378857"
"651-Garments","651","620-HH-Non Food","620",Serra Ladies T-Shirt White -L,"378858"
"651-Garments","651","620-HH-Non Food","620",Serra Ladies T-Shirt White -XL,"378859"
"651-Garments","651","620-HH-Non Food","620",Serra Ladies T-Shirt White -2XL,"378860"
"651-Garments","651","620-HH-Non Food","620",Serra Ladies T-Shirt Blue -S,"378861"
"651-Garments","651","620-HH-Non Food","620",Serra Ladies T-Shirt Blue -M,"378862"
"651-Garments","651","620-HH-Non Food","620",Serra Ladies T-Shirt Blue -L,"378863"
"651-Garments","651","620-HH-Non Food","620",Serra Ladies T-Shirt Blue -XL,"378864"
"651-Garments","651","620-HH-Non Food","620",Serra Ladies T-Shirt Blue -2XL,"378865"
"651-Garments","651","620-HH-Non Food","620",Winner Men's T-shirt Black-S,"378866"
"651-Garments","651","620-HH-Non Food","620",Winner Men's T-shirt Black-M,"378867"
"651-Garments","651","620-HH-Non Food","620",Winner Men's T-shirt Black-L,"378868"
"651-Garments","651","620-HH-Non Food","620",Winner Men's T-shirt Black-XL,"378869"
"651-Garments","651","620-HH-Non Food","620",Winner Men's T-shirt Black-2XL,"378870"
"651-Garments","651","620-HH-Non Food","620",Men's Boxer Black - S,"378871"
"651-Garments","651","620-HH-Non Food","620",Men's Boxer Black - M,"378872"
"651-Garments","651","620-HH-Non Food","620",Men's Boxer Black - L,"378873"
"651-Garments","651","620-HH-Non Food","620",Men's Boxer Black - XL,"378874"
"651-Garments","651","620-HH-Non Food","620",Men's Boxer Black - 2XL,"378875"
"651-Garments","651","620-HH-Non Food","620",Men's Boxer Coffee - S,"378876"
"651-Garments","651","620-HH-Non Food","620",Men's Boxer Coffee - M,"378877"
"651-Garments","651","620-HH-Non Food","620",Men's Boxer Coffee - L,"378878"
"651-Garments","651","620-HH-Non Food","620",Men's Boxer Coffee - XL,"378879"
"651-Garments","651","620-HH-Non Food","620",Men's Boxer Coffee - 2XL,"378880"
"651-Garments","651","620-HH-Non Food","620",Boys Boxer Sky Blue -7-8,"378881"
"651-Garments","651","620-HH-Non Food","620",Boys Boxer Sky Blue -9-10,"378882"
"651-Garments","651","620-HH-Non Food","620",Boys Boxer Sky Blue -L,"378883"
"651-Garments","651","620-HH-Non Food","620",Boys Boxer Sky Blue -XL,"378884"
"651-Garments","651","620-HH-Non Food","620",Boys Boxer Sky Blue -2XL,"378885"
"651-Garments","651","620-HH-Non Food","620",Winner Men's T-shirt Navy -S,"378886"
"651-Garments","651","620-HH-Non Food","620",Winner Men's T-shirt Navy -M,"378887"
"651-Garments","651","620-HH-Non Food","620",Winner Men's T-shirt Navy -L,"378888"
"651-Garments","651","620-HH-Non Food","620",Winner Men's T-shirt Navy -XL,"378889"
"651-Garments","651","620-HH-Non Food","620",Winner Men's T-shirt Navy -2XL,"378890"
"651-Garments","651","620-HH-Non Food","620",Winner Men's T-shirt Maroon-S,"378891"
"651-Garments","651","620-HH-Non Food","620",Winner Men's T-shirt Maroon-M,"378892"
"651-Garments","651","620-HH-Non Food","620",Winner Men's T-shirt Maroon-L,"378893"
"651-Garments","651","620-HH-Non Food","620",Winner Men's T-shirt Maroon-XL,"378894"
"651-Garments","651","620-HH-Non Food","620",Winner Men's T-shirt Maroon-2XL,"378895"
"651-Garments","651","620-HH-Non Food","620",Winner Socks Long,"378896"
"651-Garments","651","620-HH-Non Food","620",Winner Socks Medium,"378897"
"651-Garments","651","620-HH-Non Food","620",Winner Socks Short,"378898"
"651-Garments","651","620-HH-Non Food","620","55770-Winner Men's Lungi","378899"
"651-Garments","651","620-HH-Non Food","620","43628-Winner Men's Lungi","378900"
"277-Bisc-Cookie","277","145-Biscuit","145",Pran Energy Biscuits 75gm X 24 pcs,"102723"
"274-Bisc-Cracker","274","145-Biscuit","145",Pran Coconut Biscuits 70gm X 24pcs,"102718"
"274-Bisc-Cracker","274","145-Biscuit","145",Pran Choice Biscuits 70gm X 24pcs,"102719"
"272-Bisc-Cream","272","145-Biscuit","145",Pran Orange Cream Biscuits 70gm X 24pcs,"102720"
"560-Tea","560","180-HH-Food","180",KOFI House 3in118g X 25 sachet X 24 pack,"109458"
"230-Noodles","230","135-SN-GLB","135",Mr. Noodles Asam Laksa 70 gm X 5 pcs X 12 combo,"107628"
"230-Noodles","230","135-SN-GLB","135",Mr. Noodles Tom Yum 70 gm X 5 pcs X 12 combo,"107629"
"550-Semai","550","130-SN-BD","130",Vermichili Semai 150gm X 24 Pck,"107117"
"651-Garments","651","620-HH-Non Food","620",Winner Mens Hodi-M,"378901"
"651-Garments","651","620-HH-Non Food","620",Winner Mens Hodi-L,"378906"
"651-Garments","651","620-HH-Non Food","620",Winner Womens Hodi-M,"378916"
"651-Garments","651","620-HH-Non Food","620",Winner Womens Hodi-L,"378921"
"651-Garments","651","620-HH-Non Food","620",Winner Mens Hodi-XL,"378926"
"651-Garments","651","620-HH-Non Food","620",Winner Womens Hodi-S,"378911"
"651-Garments","651","620-HH-Non Food","620",Winner Womens Hodi-XL,"378931"
"651-Garments","651","620-HH-Non Food","620",Womens Hodi Flannel Flecec AOP,"378936"
"651-Garments","651","620-HH-Non Food","620",Ledies Sweet Shirt Red,"378941"
"651-Garments","651","620-HH-Non Food","620",Ledies Sweet Shirt Grey,"378951"
"651-Garments","651","620-HH-Non Food","620",Winner Sweet Shirt-M,"378957"
"651-Garments","651","620-HH-Non Food","620",Winner Sweet Shirt-L,"378962"
"651-Garments","651","620-HH-Non Food","620",Mens Sweet Shirt Black,"378967"
"651-Garments","651","620-HH-Non Food","620",Winner Sweet Shirt-XL,"378978"
"651-Garments","651","620-HH-Non Food","620",Winner Sweet Shirt-XXL,"378983"
"651-Garments","651","620-HH-Non Food","620",Sweet Shirt Black,"378988"
"651-Garments","651","620-HH-Non Food","620",Mens Sweet Shirt Green,"378993"
"651-Garments","651","620-HH-Non Food","620",Mens Woven Trawser-XL,"378998"
"651-Garments","651","620-HH-Non Food","620",S/S/T-SHIRT Blacl-White,"379008"
"651-Garments","651","620-HH-Non Food","620",Mens Woven Trawser-L,"379013"
"651-Garments","651","620-HH-Non Food","620",Mens Woven Trawser-M,"379018"
"651-Garments","651","620-HH-Non Food","620",Polo Shirt Turist-M,"379023"
"651-Garments","651","620-HH-Non Food","620",POLO SHIRT MAROON ST,"379028"
"651-Garments","651","620-HH-Non Food","620",POLO SHIRT PINK ST,"379033"
"651-Garments","651","620-HH-Non Food","620",Polo Shirt-M,"379038"
"651-Garments","651","620-HH-Non Food","620",POLO SHIRT SKY GREEN,"379043"
"651-Garments","651","620-HH-Non Food","620",POLO SHIRT TURQUIST,"379048"
"651-Garments","651","620-HH-Non Food","620",MENS WOVEN TRAWSER Black-5,"379053"
"651-Garments","651","620-HH-Non Food","620",S/S The Roodster T-Shirt-L,"379058"
"651-Garments","651","620-HH-Non Food","620",S/S The Roodster T-Shirt-S,"379063"
"651-Garments","651","620-HH-Non Food","620",S/S/T-SHIRT WHITE,"379068"
"651-Garments","651","620-HH-Non Food","620",S/S The Roodster T-Shirt-M,"379073"
"651-Garments","651","620-HH-Non Food","620",MENS L/S/T-SHIRT Black,"379078"
"651-Garments","651","620-HH-Non Food","620",MENS L/S/T-SHIRT Green,"379083"
"651-Garments","651","620-HH-Non Food","620",MENS  L/S T-SHIRT White,"379088"
"651-Garments","651","620-HH-Non Food","620",MENS L/S/T-SHIRT Navy,"379093"
"651-Garments","651","620-HH-Non Food","620",MENS  L/S T-SHIRT Night SKY,"379098"
"651-Garments","651","620-HH-Non Food","620",MENS  L/S T-SHIRT GREEN,"379103"
"651-Garments","651","620-HH-Non Food","620",S/S The Roodster T-Shirt-XL,"379108"
"651-Garments","651","620-HH-Non Food","620",WOMENS SWEAT SHIRT RED AOP,"379113"
"651-Garments","651","620-HH-Non Food","620",WOMENS TOPS RED ,"379118"
"651-Garments","651","620-HH-Non Food","620",WOMENS TOPS PINK,"379123"
"651-Garments","651","620-HH-Non Food","620",LEDIES L/S T-SHIRT Pest ,"379128"
"651-Garments","651","620-HH-Non Food","620",LEDIES L/S T-SHIRT Pink,"379133"
"651-Garments","651","620-HH-Non Food","620",LEDIES L/S T-SHIRT HOT PINK,"379138"
"651-Garments","651","620-HH-Non Food","620",LEDIES L/S T-SHIRT SKIN,"379143"
"651-Garments","651","620-HH-Non Food","620",LEDIES L/S T-SHIRT MAROON,"379148"
"651-Garments","651","620-HH-Non Food","620",LEDIES L/S T-SHIRT Black,"379153"
"651-Garments","651","620-HH-Non Food","620",MENS PANJABI Black AOP-1,"379158"
"651-Garments","651","620-HH-Non Food","620",MENS PANJABI BLUE 6,"379163"
"651-Garments","651","620-HH-Non Food","620",MENS PANJABI PEST,"379168"
"651-Garments","651","620-HH-Non Food","620",MENS PANJABI Black,"379173"
"651-Garments","651","620-HH-Non Food","620",MENS PANJABI BRWON AOP-5,"379178"
"651-Garments","651","620-HH-Non Food","620",MENS PANJABI COFFEE,"379183"
"651-Garments","651","620-HH-Non Food","620",MENS PANJABI GOLDEN,"379188"
"651-Garments","651","620-HH-Non Food","620",MENS PANJABI GREEN,"379193"
"651-Garments","651","620-HH-Non Food","620",MENS PANJABI WHITE,"379198"
"651-Garments","651","620-HH-Non Food","620",MENS PANJABI MAROON,"379203"
"651-Garments","651","620-HH-Non Food","620",Winner Kid's Boy's Hodi 4-5,"379211"
"651-Garments","651","620-HH-Non Food","620",Winner Kid's Boy's Hodi 6-7,"379217"
"651-Garments","651","620-HH-Non Food","620",Winner Kid's Girls L/S-T-Shirt 4-5,"379223"
"651-Garments","651","620-HH-Non Food","620",Winner Kid's Girls Sweet Shirt 5-6,"379229"
"651-Garments","651","620-HH-Non Food","620",Winner Kid's Girls Sweet Shirt 7-8,"379235"
"651-Garments","651","620-HH-Non Food","620",Winner Kid's Girls L/S-T-Shirt 6-7,"379241"
"651-Garments","651","620-HH-Non Food","620",Sweet Shirt Green ,"379247"
"651-Garments","651","620-HH-Non Food","620",Sweet Shirt Red ,"379253"
"651-Garments","651","620-HH-Non Food","620",Winner Kid's Girls L/S-T-Shirt 8-9,"379259"
"651-Garments","651","620-HH-Non Food","620",Winner Kid's Girls Sweet Shirt 9-10,"379265"
"651-Garments","651","620-HH-Non Food","620",Winner Kid's Hodi-M,"379271"
"651-Garments","651","620-HH-Non Food","620",Winner Kid's Hodi-S,"379277"
"651-Garments","651","620-HH-Non Food","620",Kid's Hodi Navy Blue ,"379283"
"651-Garments","651","620-HH-Non Food","620",Kid's Girls L/S-T-Shirt Sky Blue  ,"379289"
"651-Garments","651","620-HH-Non Food","620", Kids Sweet Shirt Green,"379295"
"651-Garments","651","620-HH-Non Food","620",MEN'S Denim Long Pant Acid  Navy 58-28-36,"379301"
"651-Garments","651","620-HH-Non Food","620",MEN'S Denim Long Pant Ash 57-28-36,"379306"
"651-Garments","651","620-HH-Non Food","620",MEN'S Denim Long Pant  Navy 55-28-36,"379311"
"651-Garments","651","620-HH-Non Food","620",MEN'S Denim Long Pant  Blue 57-28-36,"379316"
"651-Garments","651","620-HH-Non Food","620",MEN'S Denim Long Pant Sky Blue 58-28-36,"379321"
"651-Garments","651","620-HH-Non Food","620",MEN'S Denim Long Pant Ash 58-28-36,"379326"
"651-Garments","651","620-HH-Non Food","620",MEN'S Denim Long Pant Dark Blue 58-28-36,"379331"
"651-Garments","651","620-HH-Non Food","620",MEN'S Denim Long Pant Black 59-28-36,"379336"
"651-Garments","651","620-HH-Non Food","620",Winner Men's T-Shirt Long Sleeve-S,"379341"
"651-Garments","651","620-HH-Non Food","620",Winner Men's T-Shirt Long Sleeve-M,"379342"
"651-Garments","651","620-HH-Non Food","620",Winner Men's T-Shirt Long Sleeve-L,"379343"
"651-Garments","651","620-HH-Non Food","620",Winner Men's T-Shirt Long Sleeve-XL,"379344"
"651-Garments","651","620-HH-Non Food","620",Winner Men's T-Shirt Long Sleeve-XXL,"379345"
"651-Garments","651","620-HH-Non Food","620",Men's T-Shirt Twilight Blue ,"379346"
"651-Garments","651","620-HH-Non Food","620",Winner Men's T-Shirt Short Sleeve-M,"379347"
"651-Garments","651","620-HH-Non Food","620",Winner Men's T-Shirt Short Sleeve-L,"379348"
"651-Garments","651","620-HH-Non Food","620",Winner Men's T-Shirt Short Sleeve-XL,"379349"
"651-Garments","651","620-HH-Non Food","620",Men's T-Shirt Navy Blazer ,"379350"
"651-Garments","651","620-HH-Non Food","620",Men's T-Shirt Khaki ,"379351"
"651-Garments","651","620-HH-Non Food","620",Men's T-Shirt Blue ,"379352"
"651-Garments","651","620-HH-Non Food","620",Men's T-Shirt White ,"379353"
"651-Garments","651","620-HH-Non Food","620",Men's T-Shirt Ponderosa Pine ,"379354"
"651-Garments","651","620-HH-Non Food","620",Men's T-Shirt OLIVE ,"379355"
"651-Garments","651","620-HH-Non Food","620",Men's T-Shirt Yellow ,"379356"
"651-Garments","651","620-HH-Non Food","620",Men's T-Shirt Red ,"379357"
"651-Garments","651","620-HH-Non Food","620",Men's T-Shirt Maroon ,"379358"
"651-Garments","651","620-HH-Non Food","620",Men's Boxer Wrangler-M,"379359"
"651-Garments","651","620-HH-Non Food","620",Men's Boxer Wrangler-L,"379360"
"651-Garments","651","620-HH-Non Food","620",Men's Boxer Wrangler-XL,"379361"
"651-Garments","651","620-HH-Non Food","620",Men's Boxer Ash ,"379362"
"651-Garments","651","620-HH-Non Food","620",Men's Boxer Olive ,"379363"
"651-Garments","651","620-HH-Non Food","620",Mens Polo Shirt Blue ,"379364"
"651-Garments","651","620-HH-Non Food","620",Mens Polo Shirt Skin ,"379365"
"651-Garments","651","620-HH-Non Food","620",Mens Polo Shirt Khaki,"379366"
"651-Garments","651","620-HH-Non Food","620",Polo Shirt Turist-L,"379367"
"651-Garments","651","620-HH-Non Food","620",Mens Polo Shirt Maroon ,"379368"
"651-Garments","651","620-HH-Non Food","620",Winer Mens Panjabi - S (38),"379371"
"651-Garments","651","620-HH-Non Food","620",Winer Mens Panjabi - M (40),"379372"
"651-Garments","651","620-HH-Non Food","620",Winer Mens Panjabi - L (42),"379373"
"651-Garments","651","620-HH-Non Food","620",winer Mens Panjabi - XL (44),"379374"
"651-Garments","651","620-HH-Non Food","620",Winer Mens Panjabi - XXL (46),"379375"
Vegetable,"420","171-Commd","171",Onion Bag India ( Bawang) 5.5kg X 1 +-,"610048"
"113-CSD-Oth","113","116-CSD","116",Kinza Cola Can 320ml X 24 pcs,"105867"
"113-CSD-Oth","113","116-CSD","116",Kinza Orange Can 320ml X 24 pcs,"105868"
"113-CSD-Oth","113","116-CSD","116",Kinza Lemon Can 320ml X 24 pcs,"105869"
"113-CSD-Oth","113","116-CSD","116",Kinza Citrus Can 320ml X 24 pcs,"105870"
"271-Bisc-Potato","273","145-Biscuit","145",Pran Potata BBQ Biscuit 50 Gm X 12 PX8 box,"102734"
"271-Bisc-Potato","273","145-Biscuit","145",Pran Potata Cream & Onion Biscuit 50 Gm X 12 PX8 box,"102735"
"271-Bisc-Potato","273","145-Biscuit","145",Pran Potata Cheese Biscuit 50 Gm X 12 PX8 box,"102736"
"651-Garments","651","620-HH-Non Food","620",Polo Short Sleeve Skin,"379376"
"651-Garments","651","620-HH-Non Food","620",Polo Shirt Turist-XXL,"379377"
"651-Garments","651","620-HH-Non Food","620",Womens Tops Purple,"379378"
"651-Garments","651","620-HH-Non Food","620",Womens Hodi Pink,"379379"
"651-Garments","651","620-HH-Non Food","620",Womens Hodi Rose Pink,"379380"
"651-Garments","651","620-HH-Non Food","620",Winner Kid's Boy's Hodi 8-9,"379381"
"651-Garments","651","620-HH-Non Food","620",Men's T-Shirt (Long Sleeve) Night Sky,"379382"
"100-RFL Plastic","600","620-HH-Non Food","620",Dust Pan with Brush-Royal,"920478"
"100-RFL Plastic","600","620-HH-Non Food","620",Mini Dust Pan with Brush,"889387"
"100-RFL Plastic","600","620-HH-Non Food","620",Toilet Brush 38cm -Economy,"78686"
"100-RFL Plastic","600","620-HH-Non Food","620",Atlas Floor Brush,"91228"
"090-Enez Can","090","115-VitaPower","115",Spoti Himalaya Mint & Lemon 325ml X 24,"105508"
"090-Enez Can","090","115-VitaPower","115",BIG BEE Lemon Tea Honey Drink 325ml X 24,"105512"
"090-Enez Can","090","115-VitaPower","115",BIG BEE Aloe Vera Honey Drink 300ml X 24,"105513"
"090-Enez Can","090","115-VitaPower","115",BIG BEE Birds Nest  Honey Drink 300ml X 24,"105514"
"090-Enez Can","090","115-VitaPower","115",BIG BEE Grass Jelly Honey Drink 300ml X 24,"105515"
"090-Enez Can","090","115-VitaPower","115",BIG BEE Pineapple  Honey Drink 300ml X 24,"105516"
"170-Cnr Hot","170","130-SN-BD","130",Pran Chanachur Hot (Jar) 350gm X 20 Jar,"104137"
"210-Fried Snacks","210","130-SN-BD","130",Badam Vaja 25gm/300pac-Ctn,"107601"
"675-DR Oth","052","107-DR-Oth","107",Pran Fruit Drink Orange 2 Ltr X 6 Pcs,"106351"
"675-DR Oth","052","107-DR-Oth","107",Pran Fruit Drink Apple 2 Ltr X 6 Pcs,"106352"
"675-DR Oth","052","107-DR-Oth","107",Pran Fruit Drink Lychee 2 Ltr X 6 Pcs,"106353"
"675-DR Oth","052","107-DR-Oth","107",Pran Fruit Drink Pomegranate 2 Ltr X 6 Pcs,"106354"
"221-Marketing Items","221","620-HH-Non Food","620",Spice Apron,"777016"
Vegetable,"420","171-Commd","171",Ginger China (HALIA) 01 X 08 kg +-,"610049"
"090-Enez Can","090","115-VitaPower","115",Spoti Vitamin C 1000mg Lemon 325ml X 24,"105507"
"461-Dal-RePck","461","171-Commd","171",Kala Chana 450gm± X 50 pcs,"620027"
"276-Bisc-Cookie Jar","276","145-Biscuit","145",All Time Cookies ( Assorted) 1200gm X 6 jar,"102741"
"090-Enez Can","090","115-VitaPower","115",Red Bull Sparkling Pomelo 250ml X 24 pcs,"105906"
"090-Enez Can","090","115-VitaPower","115",Red Bull Sparkling Apple 250ml X 24pcs,"105907"
"69-Blade","690","623-Cosmetics","623",Shavers BIC3 HC12 Razor,"650470"
"660-DRY FRUITS","582","180-HH-Food","180",Kurma 250gm X 24 Box,"107170"
Vegetable,"420","171-Commd","171",Onion Bag India (Bawang) 5 X 800gm +-,"610050"
Vegetable,"420","171-Commd","171",Garlic (Bawang Puthi ) 20 X 200gm +-,"610051"
Vegetable,"420","171-Commd","171",Ginger China (HALIA) 01 X 05 kg +-,"610052"
Vegetable,"420","171-Commd","171",Onion ( Bawang ) India 05kg X 01+-,"610053"
Vegetable,"420","171-Commd","171",Onion ( Bawang ) India 08kg X 01+-,"610054"
Vegetable,"420","171-Commd","171",Fresh Potato 08kg X 01+-,"610016"
"170-Cnr Hot","170","130-SN-BD","130",PRAN KHATTA MEETHA CHANACHUR 250 GM X 24 PCS,"104138"
"170-Cnr Hot","170","130-SN-BD","130",PRAN TIKHA MEETHA CHANACHUR 250 GM X 24 PCS,"104139"
"170-Cnr Hot","170","130-SN-BD","130",PRAN NAVRATTAN CHANACHUR 250 GM X 24 PCS,"104140"
"170-Cnr Hot","170","130-SN-BD","130",PRAN Bombay Mix (Mild) Chanachur 250 gm X 24 Pcs,"104141"
"170-Cnr Hot","170","130-SN-BD","130",PRAN BOMBAY MIX (HOT) CHANACHUR 250 GM X 24 PCS,"104142"
"170-Cnr Hot","170","130-SN-BD","130",PRAN LONDON MIX CHANACHUR 250 GM X 24 PCS,"104143"
"170-Cnr Hot","170","130-SN-BD","130",PRAN BALTI MIX CHANACHUR 250 GM X 24 PCS,"104144"
"170-Cnr Hot","170","130-SN-BD","130",PRAN Khatta Meetha Chanachur 120 gm X 48 Pcs,"104145"
"170-Cnr Hot","170","130-SN-BD","130",PRAN Tikha Meetha Chanachur 120 gm X 48 Pcs,"104146"
"170-Cnr Hot","170","130-SN-BD","130",PRAN NAVRATTAN CHANACHUR 120 GM X 48 PCS,"104147"
"170-Cnr Hot","170","130-SN-BD","130",PRAN Bombay Mix (Mild) Chanachur 120 gm X 48 Pcs,"104148"
"170-Cnr Hot","170","130-SN-BD","130",PRAN BOMBAY MIX (HOT) CHANACHUR 120 GM X 48 PCS,"104149"
"170-Cnr Hot","170","130-SN-BD","130",PRAN LONDON MIX CHANACHUR 120 GM X 48 PCS,"104150"
"170-Cnr Hot","170","130-SN-BD","130",PRAN BALTI MIX CHANACHUR 120 GM X 48 PCS,"104151"
"170-Cnr Hot","170","130-SN-BD","130",PRAN Khatta Meetha Chanachur 50gm X 96 pcs,"104152"
"170-Cnr Hot","170","130-SN-BD","130",PRAN Tikha Meetha Chanachur 50gm X 96 Pcs,"104153"
"170-Cnr Hot","170","130-SN-BD","130",PRAN Navrattan Chanachur 50gm X 96 Pcs,"104154"
"170-Cnr Hot","170","130-SN-BD","130",PRAN Bombay Mix (Mild) Chanachur 50gm X 96 Pcs,"104155"
"170-Cnr Hot","170","130-SN-BD","130",PRAN Bombay Mix (HOT) Chanachur 50gm X 96 Pcs,"104156"
"170-Cnr Hot","170","130-SN-BD","130",PRAN London Mix Chanachur 50gm X 96 Pcs,"104157"
"170-Cnr Hot","170","130-SN-BD","130",PRAN Balti Mix Chanachur 50gm X 96 Pcs,"104158"
"65-Shampoo","650","623-Cosmetics","623",Head & Shoulders Anti HairFall 300ml X 12,"650502"
"65-Shampoo","650","623-Cosmetics","623",Head & Shoulders Smooth and Silky 300ml X 12,"650503"
"61-Body Spray","610","623-Cosmetics","623",Denver Deo Hamilton 165ml X72 pcs,"650551"
"61-Body Spray","610","623-Cosmetics","623",Denver Deo Imperial 165ml X72 pcs,"650552"
"61-Body Spray","610","623-Cosmetics","623",Denver Deo Honour 165ml X72 pcs,"650553"
"61-Body Spray","610","623-Cosmetics","623",Denver Deo Pride 165ml X72 pcs,"650554"
"61-Body Spray","610","623-Cosmetics","623",Denver Deo Caliber 165ml X72 pcs,"650555"
"66-ToothPaste","66","623-Cosmetics","623",Colgate Fresh Cool Mint (180gm X 72pcs),"650148"
"66-ToothPaste","66","623-Cosmetics","623",Colgate Great Regular  (180gm X 72pcs),"650149"
"651-Garments","651","620-HH-Non Food","620","Soft Luggage Bag 20"" - Black","999020"
"651-Garments","651","620-HH-Non Food","620","Soft Luggage Bag 24"" - Black","999021"
"651-Garments","651","620-HH-Non Food","620","Soft Luggage Bag 28"" - Black","999022"
"651-Garments","651","620-HH-Non Food","620","Soft Luggage Bag 20"" - Blue","999023"
"651-Garments","651","620-HH-Non Food","620","Soft Luggage Bag 24"" - Blue","999024"
"651-Garments","651","620-HH-Non Food","620","Soft Luggage Bag 28"" - Blue","999025"
"651-Garments","651","620-HH-Non Food","620","Soft Luggage Bag 20"" - Grey","999026"
"651-Garments","651","620-HH-Non Food","620","Soft Luggage Bag 24"" - Grey","999027"
"651-Garments","651","620-HH-Non Food","620","Soft Luggage Bag 28"" - Grey","999028"
"113-CSD-Oth","113","116-CSD","116",Kinza Pomegranate Can 320ml X 24 pcs,"105908"
"651-Garments","651","620-HH-Non Food","620","Soft Luggage Bag 20"" - Black","999071"
"651-Garments","651","620-HH-Non Food","620","Soft Luggage Bag 24"" - Black","999072"
"651-Garments","651","620-HH-Non Food","620","Soft Luggage Bag 28"" - Black","999073"
"651-Garments","651","620-HH-Non Food","620","Soft Luggage Bag 20"" - Blue","999074"
"651-Garments","651","620-HH-Non Food","620","Soft Luggage Bag 24"" - Blue","999075"
"651-Garments","651","620-HH-Non Food","620","Soft Luggage Bag 28"" - Blue","999076"
"651-Garments","651","620-HH-Non Food","620","Soft Luggage Bag 20"" - Grey","999077"
"651-Garments","651","620-HH-Non Food","620","Soft Luggage Bag 24"" - Grey","999078"
"651-Garments","651","620-HH-Non Food","620","Soft Luggage Bag 28"" - Grey","999079"
"651-Garments","651","620-HH-Non Food","620",Polo Shirt Turist-XL,"379369"
"651-Garments","651","620-HH-Non Food","620",Polo Shirt Turist- 3XL,"379383"
"651-Garments","651","620-HH-Non Food","620",Polo Shirt Turist- 4XL,"379384"
"651-Garments","651","620-HH-Non Food","620",Polo Shirt- L,"379385"
"651-Garments","651","620-HH-Non Food","620",Polo Shirt- XL,"379386"
"651-Garments","651","620-HH-Non Food","620",Polo Shirt - XXL,"379387"
Vegetable,"420","171-Commd","171",Onion ( Bawang ) India 10kg X 01+-,"610055"
"404-C BEAN","404","160-Confec","160",Pran Chocobean Toffee 65g X 12pcs X 6box,"107914"
"180-ChipsBD","180","130-SN-BD","130",Zoom Zoom Chips 20g X 100 pcs,"107915"
Vegetable,"420","171-Commd","171",Onion (Bawang) India 6kg X 1+-,"610056"
"801-POULTRY","801","330-MEAT","330",Ayam Tua 10 pcs Bag,"630214"
"110-Others Stock","1109","625-Stationery Items","625",Pran Natural Soft Hanging Tissue 1100 Pcs X 10,"378808"
"130-Lassi","120","120-Dairy","120",Pran Active   Original Pet 100Ml X 8X6,"105771"
"130-Lassi","120","120-Dairy","120",Pran Active   Strawberry Pet 100Ml X 8X6,"105772"
"130-Lassi","120","120-Dairy","120",Pran Active   Green Apple Pet 100Ml X 8 X 6,"105773"
"130-Lassi","120","120-Dairy","120",Pran Lassi Yogurt Flavor Pet 285ml X 6 X 6,"105774"
"130-Lassi","120","120-Dairy","120",Pran Lassi Mango Flavor pet 285ml X 6 X 6,"105775"
"130-Lassi","120","120-Dairy","120",Pran Lassi Strawberry Flavor pet 285ml X 6X 6,"105776"
"130-Lassi","120","120-Dairy","120",Pran Lassi Banana Flavor Pet 285ml X 6 X 6,"105777"
"702-Fish Oth","702","310-Fish","310",Batashi Fish 500gm X 12 pcs,"630315"
Vegetable,"420","171-Commd","171",Onion (Bawang) India 9kg X 1+-,"610057"
"113-CSD-Oth","113","116-CSD","116",Extra Joss Orange Flovour 1X12X10S,"105814"
"277-Bisc-Cookie","277","145-Biscuit","145",Pran Milkies Biscuits 75gm X 96 pcs,"102726"
"277-Bisc-Cookie","277","145-Biscuit","145",Pran Elachi Biscuits 75gm X 96 pcs,"102727"
"023-Basil-Milk","023","106-DR-Basil","106",Falooda Basil Seed Melon 290ml X 24 pcs,"105778"
"023-Basil-Milk","023","106-DR-Basil","106",Falooda Basil Seed Banana 290ml X 24 pcs,"105779"
"023-Basil-Milk","023","106-DR-Basil","106",Falooda Basil Seed Pistachio 290ml X 24 pcs,"105780"
Bread,"146","146-Bakery","146",Bauli Puff Roll Cheese Cream 45g X 20 pcs,"101501"
Bread,"146","146-Bakery","146",Bauli Puff Roll Chocolate Cream 45g X 20 pcs,"101502"
Bread,"146","146-Bakery","146",Bauli Puff Roll Strawberry Cream 45g X 20 pcs,"101503"
Bread,"146","146-Bakery","146",Bauli Puff Roll Vanilla Cream 45g X 20 pcs,"101504"
"702-Fish Oth","702","310-Fish","310",Ikan Ruho (12-15) 10KG ±,"630316"
"702-Fish Oth","702","310-Fish","310",Ikan Briket  (4kg ) 8KG ± ,"630317"
"702-Fish Oth","702","310-Fish","310",Ikan Panhgash (12-15) 10KG ±,"630318"
"702-Fish Oth","702","310-Fish","310",Ikan Red Tilapia (5-7) 5KG ± ,"630319"
"409-LOLIPOP","409","160-Confec","160",Lollipop Variety 10 Gm (108Pcs X 6 Box),"103329"
Vegetable,"420","171-Commd","171",Garlic (Bawang Putih) 9kg X 1,"610081"
Vegetable,"420","171-Commd","171",Fresh Potato 3.6kg X 01+-,"610017"
Vegetable,"420","171-Commd","171",Onion (Bawang) PAK 5kg X 1+-,"610058"
Vegetable,"420","171-Commd","171",Onion (Bawang) PAK 10kg X 1+-,"610059"
Vegetable,"420","171-Commd","171",Fresh Potato 6kg X 01+-,"610018"
"272-Bisc-Cream","272","145-Biscuit","145",All Time Chocolate Pie 25g X 24pcsX 6box,"102766"
"230-Noodles","230","135-SN-GLB","135",Pran Noodles BBQ Chicken Flavor 85g X 40 Pcs,"107820"
"230-Noodles","230","135-SN-GLB","135",Pran Noodles Cheese Flavor 85g  X 40 Pcs,"107821"
"230-Noodles","230","135-SN-GLB","135",Pran Noodles Hot & spicy Flavor 85g  X 40 Pcs,"107822"
"230-Noodles","230","135-SN-GLB","135",Pran Noodles Super Spicy Flavor 85g X 40 Pcs,"107823"
"230-Noodles","230","135-SN-GLB","135",Pran Noodles Kimchi Flavor 85g Pack X 40 Pcs,"107824"
"240-Cup Ndl","240","135-SN-GLB","135",MR. Noodles Asam Laksa 60GX24PCS ( Paper Cup),"107813"
"240-Cup Ndl","240","135-SN-GLB","135",MR. Noodles Tom Yum 60GX24PCS ( Paper Cup),"107814"
"240-Cup Ndl","240","135-SN-GLB","135",MR. Noodles Ayam 60GX24PCS ( Paper Cup),"107815"
"240-Cup Ndl","240","135-SN-GLB","135",MR. Noodles Curry 60GX24PCS ( Paper Cup),"107816"
"540-Pkl","540","180-HH-Food","180",Boroi Pickel 400gm/12pcs-Ctn,"107301"
"480-S.Ind Pkl","480","180-HH-Food","180",Pran Garlic Pickle 400 gm x 12 pcs,"107303"
"221-Marketing Items","221","620-HH-Non Food","620",Smart Phone,"777133"
"277-Bisc-Cookie","277","145-Biscuit","145",All Time ROMA Chocolate Cookies 12gmX36pcsX8Atc,"102729"
"277-Bisc-Cookie","277","145-Biscuit","145",All Time Choco Chips Cookies 96gX20Pcs,"102730"
"230-Noodles","230","135-SN-GLB","135",MR. Noodles LOW Fat 40gmX8pcsX12 combo,"107827"
Vegetable,"420","171-Commd","171",Fresh Potato 3.3kg X 01+-,"610019"
Vegetable,"420","171-Commd","171",Onion (Bawang) PAK 3.3kg X 1+-,"610060"
"702-Fish Oth","702","310-Fish","310",Batashi 250gm X 24 pcs,"630320"
"520-Sauce","520","180-HH-Food","180",PRAN  KETCHUP Tomato 320G X 24PCS,"107350"
Paste,"1103","150-Spc","150",PRAN Ginger Paste (250gm X 24pcs),"107371"
Paste,"1103","150-Spc","150",PRAN Garlic Paste (250gm X 24pcs),"107372"
"330-Spc Jar","330","150-Spc","150",PRAN Crushed  Chilli 180gm X 24 Jar,"105315"
"851-B. BEEF","851","330-MEAT","330",Pran Buffalo Meat 900gm X 20 pcs,"630406"
Paste,"1103","150-Spc","150",PRAN Ginzer-Garlic Paste 250gm X 24 pcs,"107373"
Paste,"1103","150-Spc","150",PRAN Garlic Paste  (PET JAR) 750 gm X 12 pcs,"107376"
Paste,"1103","150-Spc","150",PRAN Ginger Paste (PET JAR) 750gm X 12pcs,"107377"
Paste,"1103","150-Spc","150",PRAN Garlic- Ginger Mix Paste (PET JAR) 750gm X 12pcs,"107378"
"540-Pkl","540","180-HH-Food","180",PRAN Mango Pickle (HDPE JAR) 1000gm X 12pcs,"107391"
"540-Pkl","540","180-HH-Food","180",PRAN Mixed Pickle (HDPE JAR) 1000gm X 12pcs,"107392"
"540-Pkl","540","180-HH-Food","180",PRAN Olive Pickle (HDPE JAR) 1000gm X 12pcs,"107393"
"540-Pkl","540","180-HH-Food","180",PRAN Garlic Pickle (HDPE JAR) 1000gm X 12pcs,"107394"
"540-Pkl","540","180-HH-Food","180",PRAN KASUNDI 300gm X 12 pcs,"107395"
"540-Pkl","540","180-HH-Food","180",PRAN TAMARIND CHUTNEY (POLY PACK) 20gm X 420,"107313"
"540-Pkl","540","180-HH-Food","180",PRAN MANGO CHUTNEY (POLY PACK) 20gm X 420,"107310"
"540-Pkl","540","180-HH-Food","180",PRAN OLIVE CHUTNEY (POLY PACK) 20gm X 420,"107312"
"540-Pkl","540","180-HH-Food","180",PRAN BOROI CHUTNEY (POLY PACK) 20gm X 420,"107307"
"480-S.Ind Pkl","480","180-HH-Food","180",NAGA CHILI PICKLE-400GM X 12,"107315"
"451-ATTA","449","171-Commd","171",PRAN Chakki Atta 01 kg X 20 pcs,"101311"
"75-Skin Care","692","623-Cosmetics","623",Garnier Men Turbo Bright Anti-Pollution+Spots Duo Foam 100 mlX12pcs,"650701"
"75-Skin Care","692","623-Cosmetics","623",GarnierMen Oil Control Charcoal 3 in1 100ml X 12,"650702"
"75-Skin Care","692","623-Cosmetics","623",Garnier Men Acno Fight Anti Acne Scrub in Foam 100Ml X 12 pcs,"650703"
"75-Skin Care","692","623-Cosmetics","623",Garnier Men Oil Control Anti-BlackHeads ICY Scrub 100ml X 12 pcs,"650704"
"75-Skin Care","692","623-Cosmetics","623",Garnier Men Acno Fight Wasabi Anti-Acne Imperfections Foam 100ml X 12 pcs,"650705"
"75-Skin Care","692","623-Cosmetics","623",Garnier Men Oil Control Anti Shine Refreshing Foam 100ml X 12 pcs,"650706"
"75-Skin Care","692","623-Cosmetics","623",Garnier Men Oil Control Bright+oil Control Super Duo  Foam 100ml X 12 pcs,"650707"
"75-Skin Care","692","623-Cosmetics","623",Garnier Women SAKURA Glow Face Wash 100ml X 12 pcs,"650708"
"75-Skin Care","692","623-Cosmetics","623",Garnier Women Bright Complete Vitamin C Face Wash 100ml X 12 pcs,"650709"
"75-Skin Care","692","623-Cosmetics","623",Garnier Women Bright Complete Vitamin C Face SCRUB 100ml X 12 pcs,"650710"
"75-Skin Care","692","623-Cosmetics","623",Garnier Women Pure Active ANTI-Acne Foam 100ml X 12 pcs,"650711"
"75-Skin Care","692","623-Cosmetics","623",NIVEA MEN Bright Oil Clear Anti Shine+Purify MUD FOAM 100ml X 24pcs,"650712"
"691-Svng-Foam","691","623-Cosmetics","623",NIVEA MEN Bright Oil Clear Pore Minimizing  FOAM 100ml X 24pcs,"650713"
"75-Skin Care","692","623-Cosmetics","623",NIVEA MEAN C&HYA Vitamin SCRUB 100ml X 24 pcs,"650714"
"75-Skin Care","692","623-Cosmetics","623",NIVEA MEN Dark Spot Minimizing  FOAM 100ml X 24pcs,"650715"
"75-Skin Care","692","623-Cosmetics","623",NIVEA MEN Bright Oil Clear Pore Minimizing  SCRUB 100ml X 24pcs,"650716"
"75-Skin Care","692","623-Cosmetics","623",NIVEA MEN DEEP  Acne Oil Clear 100ml X 24 pcs,"650717"
"75-Skin Care","692","623-Cosmetics","623",NIVEA MEN Acne Oil Clear Acne DEFENSE FOAM 100ml X 24 pcs,"650718"
"75-Skin Care","692","623-Cosmetics","623",Pantene shampoo Damage Care 170mlX24 pcs,"650506"
"75-Skin Care","692","623-Cosmetics","623",Pantene shampoo Anti Dandruff 170mlX24 pcs,"650507"
"75-Skin Care","692","623-Cosmetics","623",Pantene shampoo Hair Fall Control 170mlX24 pcs,"650508"
"75-Skin Care","692","623-Cosmetics","623",Rejoice Shampoo 3 in1 Anti Dandruff 300mlX12pcs,"650509"
"75-Skin Care","692","623-Cosmetics","623",Rejoice Shampoo 3 in1 Anti Hairfall 300mlX12pcs,"650510"
"75-Skin Care","692","623-Cosmetics","623",Rejoice Shampoo 3 in1 Rich Smooth 300mlX12pcs,"650511"
Concentrate,"1101","110-JU-PET","110",Pran Bes Minuman Berperisa ANGGUR 375ml X 24 pcs,"106605"
Concentrate,"1101","110-JU-PET","110",Pran Bes Minuman Berperisa JAGUNG 375ml X 24 pcs,"106606"
Concentrate,"1101","110-JU-PET","110",Pran Bes Minuman Berperisa OREN 375ml X 24 pcs,"106607"
Concentrate,"1101","110-JU-PET","110",Pran Bes Minuman Berperisa LAICI 375ml X 24 pcs,"106608"
Concentrate,"1101","110-JU-PET","110",Pran Bes Minuman Berperisa SARSI 375ml X 24 pcs,"106609"
Concentrate,"1101","110-JU-PET","110",Pran Bes Minuman Berperisa ROSE 375ml X 24 pcs,"106610"
"75-Skin Care","692","623-Cosmetics","623",Fogg Deo Arabia Copacabana OUD 120mlX72pcs,"650556"
"75-Skin Care","692","623-Cosmetics","623",Fogg Deo Arabia Intense OUD 120mlX72pcs,"650557"
"75-Skin Care","692","623-Cosmetics","623",Fogg Deo Arabia Intense Aromatic 120mlX72pcs,"650558"
"75-Skin Care","692","623-Cosmetics","623",Fogg Deo Arabia Intense Amber 120mlX72pcs,"650559"
"75-Skin Care","692","623-Cosmetics","623",Fogg Deo Arabia Intense Oriental 120mlX72pcs,"650560"
"260-M.Oil-PRAN","260","140-M.Oil","140",Mustard Oil 2000ml X 06pcs,"107222"
"702-Fish Oth","702","310-Fish","310",Keski Fish BD 200gm X 25 pcs,"630321"
"281-Tst-Trad","281","147-Toast","147",PRAN BELA Biscuits 300G X 6PCS,"109124"
Vegetable,"420","171-Commd","171",Onion (Bawang) IND 5kg X 1+-,"610061"
Vegetable,"420","171-Commd","171",Ginger China (HALIA) 01 X 5.7kg +-,"620062"
"702-Fish Oth","702","310-Fish","310",Dry Faisha 100X 50pcs,"630299"
"170-Cnr Hot","170","130-SN-BD","130",Pran Garlic Chanachur 50gm X 96 pcs,"104159"
"170-Cnr Hot","170","130-SN-BD","130",Pran Garlic Chanachur 120gm X 48 pcs,"104160"
"170-Cnr Hot","170","130-SN-BD","130",Pran Garlic Chanachur 250gm X 24 pcs,"104161"
"023-Basil-Milk","023","106-DR-Basil","106",Falooda Basil Seed Mango 290ml X 24 pcs,"105785"
"023-Basil-Milk","023","106-DR-Basil","106",Falooda Basil Seed Rose 290ml X 24 pcs,"105786"
"023-Basil-Milk","023","106-DR-Basil","106",Falooda Basil Seed Strawberry 290ml X 24 pcs,"105787"
"023-Basil-Milk","023","106-DR-Basil","106",Falooda Basil Seed Vanilla 290ml X 24 pcs,"105788"
"75-Skin Care","692","623-Cosmetics","623",VI-JOHN Hair remo cream CUCUMBER & ALOE 40gmX12pcsX27pack,"650719"
"75-Skin Care","692","623-Cosmetics","623",VI-JOHN Hair remo cream ROSE & ALOE 40gmX12pcsX27pack,"650720"
"75-Skin Care","692","623-Cosmetics","623",VI-JOHN Hair remo cream HALDI & CHANDAN 40gmX12pcsX27pack,"650721"
"75-Skin Care","692","623-Cosmetics","623",VI-JOHN Hair remo cream DIAMOND & PEARL  40gmX12pcsX27pack,"650722"
"75-Skin Care","692","623-Cosmetics","623",VI-JOHN Hair remo cream GOLD & SILVER 40gmX12pcsX27pack,"650723"
"272-Bisc-Cream","272","145-Biscuit","145",Bisk Club Shero Cream Biscuit 138gX24pcs,"102742"
"113-CSD-Oth","113","116-CSD","116",FIZZE Mango peach Carbonated Drinks 275ml X 24 pcs,"106611"
"113-CSD-Oth","113","116-CSD","116",FIZZE Pineapple Coconut Carbonated Drinks 275ml X 24 pcs,"106612"
"113-CSD-Oth","113","116-CSD","116",FIZZE Strawberry Carbonated Drinks 275ml X 24 pcs,"106613"
"113-CSD-Oth","113","116-CSD","116",FIZZE Blackcurrent Carbonated Drinks 275ml X 24 pcs,"106614"
"272-Bisc-Cream","272","145-Biscuit","145",Bisk Club Shero Cream Biscuit 64gX24pcs,"102743"
Blanket,"1107","620-HH-Non Food","620",Ultra Soft Blanket (200X240)cm Mod:7.5,"379901"
Blanket,"1107","620-HH-Non Food","620",Ultra Soft Blanket (200X240)cm Mod : 8,"379902"
Blanket,"1107","620-HH-Non Food","620",Ultra Soft Blanket (200X240)cm Mod:6.5 Double Ply,"379903"
Blanket,"1107","620-HH-Non Food","620",Ultra Soft Blanket (200X240)cm Mod:7.5 Double Ply,"379904"
"801-POULTRY","801","330-MEAT","330",Frozen Duck Meat (1kg X 10)(Non Returnable),"630215"
"402-CANDY","402","160-Confec","160",PRAN PULSE Guava Candy 3.6g X 200Pcs X 12 Jar,"103216"
"402-CANDY","402","160-Confec","160",PRAN PULSE Tamarind Candy 3.6g X 200Pcs X 12 Jar,"103217"
"402-CANDY","402","160-Confec","160",PRAN Mr. Mango Candy 3.5g X 320 Pcs X 12 Jar,"103219"
"402-CANDY","402","160-Confec","160",PRAN Mr. Tom Candy 3.5g X 320 Pcs X 12 Jar,"103220"
"402-CANDY","402","160-Confec","160",PRAN Milk Candy 3.5g X 320 Pcs X 12 Jar,"103221"
"277-Bisc-Cookie","277","145-Biscuit","145",PRAN YUMMY Mini ORIGINAL Choco Cookies 80GX24PcX4Box,"102744"
"277-Bisc-Cookie","277","145-Biscuit","145",PRAN YUMMY Mini DOUBLE Choco Cookies 80GX24PcX4Box,"102745"
Salt,"1106","171-Commd","171",PRAN Penambah Perisa (MSG) 35gX180pcs,"610305"
Salt,"1106","171-Commd","171",PRAN Penambah Perisa (MSG) 75gX180pcs,"610306"
Salt,"1106","171-Commd","171",PRAN Penambah Perisa (MSG) 150gX180pcs,"610307"
Salt,"1106","171-Commd","171",Pran Salt 500gm X 20 pcs,"610304"
"402-CANDY","402","160-Confec","160",PRAN PULSE Mango Candy 3.6g X 200Pcs X 12 Jar,"103218"
"390-Spc Whl","390","150-Spc","150",PRAN Whole dry Chilli 40gX60pcs,"105316"
Vegetable,"420","171-Commd","171",Fresh Potato 10kg X 01+-,"610020"
"230-Noodles","230","135-SN-GLB","135",MI Segera Instant Noodles 770gm X 6pcs,"107828"
"230-Noodles","230","135-SN-GLB","135",Jati Bihun Rice Vermicelli 350gm X 10 pcs,"107829"
"705-HILSHA","705","310-Fish","310",Hilsha -1500gm -2000gm (11kg)(Non Returnable),"630300"
"560-Tea","560","180-HH-Food","180",KOFI House Mocha Coffee Can 250ml X 24 pcs,"109461"
"560-Tea","560","180-HH-Food","180",KOFI House Latte Coffee Can 250ml X 24 pcs,"109462"
"560-Tea","560","180-HH-Food","180",KOFI House Original Coffee Can 250ml X 24 pcs,"109463"
"651-Garments","651","620-HH-Non Food","620",Jeans Pant Long Light Blue (28-42),"379388"
"651-Garments","651","620-HH-Non Food","620",Jeans Pant Long Dark Blue (28-42),"379389"
"651-Garments","651","620-HH-Non Food","620",Jeans Pant Long MID Blue (28-42),"379390"
"651-Garments","651","620-HH-Non Food","620",Jeans Pant Long Black (28-42),"379391"
"651-Garments","651","620-HH-Non Food","620",Jeans Pant Long Grey (28-42),"379392"
"651-Garments","651","620-HH-Non Food","620",T-Shirt Print (Assorted Size & Colour),"379401"
"651-Garments","651","620-HH-Non Food","620",T-Shirt without Print (Assorted Size & Colour),"379402"
"651-Garments","651","620-HH-Non Food","620",T-Shirt PK (Assorted Size & Colour),"379403"
"651-Garments","651","620-HH-Non Food","620",T-Shirt POLO Koler (Assorted Size & Colour),"379404"
"651-Garments","651","620-HH-Non Food","620",T Shirt Jarsi (Assorted Size & Colour ),"379405"
"402-CANDY","402","160-Confec","160",Milco Chunky Assorted Pouch 01kg X 12 pouch,"109317"
"402-CANDY","402","160-Confec","160",Milco Chunky Almond Pouch 01kg X 12 pouch,"109318"
"402-CANDY","402","160-Confec","160",Milco Chunky Extra Milk Pouch 01kg X 12 pouch,"109319"
"402-CANDY","402","160-Confec","160",Milco Chunky Hazelnut Pouch 01kg X 12 pouch,"109320"
"402-CANDY","402","160-Confec","160",Milco Chunky Strawberry Pouch 01kg X 12 pouch,"109322"
"402-CANDY","402","160-Confec","160",Milco Chunky Orange Pouch 01kg X 12 pouch,"109321"
"402-CANDY","402","160-Confec","160",Milco Chunky Assorted Pouch 500gm X 24 pouch,"109331"
"402-CANDY","402","160-Confec","160",Milco Chunky Almond Pouch 500gm X 24 pouch,"109332"
"402-CANDY","402","160-Confec","160",Milco Chunky Extra Milk Pouch 500gm X 24 pouch,"109333"
"402-CANDY","402","160-Confec","160",Milco Chunky Hazelnut Pouch 500gm X 24 pouch,"109334"
"402-CANDY","402","160-Confec","160",Milco Chunky StrawberryPouch 500gm X 24 pouch,"109336"
"402-CANDY","402","160-Confec","160",Milco Chunky Orange Pouch 500gm X 24 pouch,"109335"
"100-RFL Plastic","600","620-HH-Non Food","620",Cycle Tyer,"72128"
"251-Nuts","251","135-SN-GLB","135",Pran Roasted & Salted Peanut 100gmX50pcs,"107897"
"251-Nuts","251","135-SN-GLB","135",Pran Roasted & Salted Peanut 50gmX25pcsX4 box,"107898"
"251-Nuts","251","135-SN-GLB","135",Pran Roasted & Salted Peanut 15gmX36pcsX4 box,"107899"
Barbican,"107","107-DR-Oth","107",Barbican Passion 330mlX24 pcs,"105909"
"090-Enez Can","090","115-VitaPower","115",Tiger Power Energy Drink 325mlx24 cans,"105789"
"404-C BEAN","404","160-Confec","160",Pran Chocobean Doggy Toy 35gmX20pcsX6jar,"103231"
"404-C BEAN","404","160-Confec","160",Pran Chocobean Doggy Toy (25gmX2pcs)X12setX8jar,"103232"
"409-LOLIPOP","409","160-Confec","160",PRAN Ice Lolly Assorted 40ml X 12pcs X24 pouch,"103197"
"520-Sauce","520","180-HH-Food","180",Pran Hot Tomato Sauce 5kg X 4 Jar,"107351"
"320-Spc Pch","320","150-Spc","150",PRAN CHILLI POWDER (25 GM x 2 PCS) x 80Combo,"105321"
"320-Spc Pch","320","150-Spc","150",PRAN TURMERIC POWDER 25 GM x 2 PCS x 80 Combo,"105322"
"320-Spc Pch","320","150-Spc","150",PRAN CORIANDER POWDER 25 GM x 2 PCS x 80 Combo,"105323"
"320-Spc Pch","320","150-Spc","150",PRAN CUMIN POWDER 25 GM x 2 PCS x 80 Combo,"105324"
"320-Spc Pch","320","150-Spc","150",PRAN MEAT CURRY POWDER 25 GM x 2 PCS x 80 Combo,"105325"
"320-Spc Pch","320","150-Spc","150",PRAN FISH CURRY POWDER 25 GM x 2 PCS x 80 Combo,"105326"
"320-Spc Pch","320","150-Spc","150",PRAN CHILLI POWDER (25 GM x 2 PCS) ,"105327"
"320-Spc Pch","320","150-Spc","150",PRAN TURMERIC POWDER ( 25 GM x 2 PCS ),"105328"
"320-Spc Pch","320","150-Spc","150",PRAN CORIANDER POWDER ( 25 GM x 2 PCS ),"105329"
"320-Spc Pch","320","150-Spc","150",PRAN CUMIN POWDER ( 25 GM x 2 PCS ),"105330"
"320-Spc Pch","320","150-Spc","150",PRAN MEAT CURRY POWDER ( 25 GM x 2 PCS ),"105331"
"320-Spc Pch","320","150-Spc","150",PRAN FISH CURRY POWDER ( 25 GM x 2 PCS ),"105332"
"230-Noodles","230","135-SN-GLB","135",Mr. Noodles ASAM LAKSA 35gm X 4 pcs X 24 pack,"107846"
"230-Noodles","230","135-SN-GLB","135",Mr. Noodles AYAM 35gm X 4 pcs X 24 pack,"107848"
"230-Noodles","230","135-SN-GLB","135",Mr. Noodles KARI 35gm X 4 pcs X 24 pack,"107849"
"240-Cup Ndl","240","135-SN-GLB","135",Pran Korean Noodles 02X HOT & SPICY 60gm X 24 pcs (Paper Cup),"107831"
"240-Cup Ndl","240","135-SN-GLB","135",Pran Korean Noodles Cheese 60gm X 24 pcs (Paper Cup),"107832"
"240-Cup Ndl","240","135-SN-GLB","135",Pran Korean Noodles Kimchi 60gm X 24 pcs (Paper Cup),"107833"
"240-Cup Ndl","240","135-SN-GLB","135",Pran Korean Noodles Lamb 60gm X 24 pcs (Paper Cup),"107834"
"240-Cup Ndl","240","135-SN-GLB","135",Pran Korean Noodles Beef 60gm X 24 pcs (Paper Cup),"107835"
"240-Cup Ndl","240","135-SN-GLB","135",Pran Korean Noodles Super SPICY 60gm X 24 pcs (Paper Cup),"107836"
"240-Cup Ndl","240","135-SN-GLB","135",Pran Korean Noodles BBQ Chicken 60gm X 24 pcs (Paper Cup),"107837"
"402-CANDY","402","160-Confec","160",PRAN Cappuccino Candy 3.5g X 320 Pcs X 12 Jar,"103222"
"230-Noodles","230","135-SN-GLB","135",Mr. Noodles TOM YUM 35gm X 4 pcs X 24 pack,"107847"
"651-Garments","651","620-HH-Non Food","620",Short Jeans Pant Blue (28-40),"379396"
"651-Garments","651","620-HH-Non Food","620",Short Jeans Pant Gray (28-40),"379397"
"651-Garments","651","620-HH-Non Food","620",Short Jeans Pant Black (28-40),"379398"
"651-Garments","651","620-HH-Non Food","620",Short Jeans Pant Light Blue (28-40),"379399"
"651-Garments","651","620-HH-Non Food","620","6 Pocket Cargo Pant Blue (28-36)","379410"
"651-Garments","651","620-HH-Non Food","620","6 Pocket Cargo Pant Black (28-36)","379411"
"651-Garments","651","620-HH-Non Food","620","6 Pocket Cargo Pant Olive (28-36)","379412"
"651-Garments","651","620-HH-Non Food","620","6 Pocket Cargo Pant Gray (28-36)","379413"
"651-Garments","651","620-HH-Non Food","620",Twill Blend Pant OLive (28-40),"379421"
"651-Garments","651","620-HH-Non Food","620",Twill Blend Pant Black (28-40),"379422"
"651-Garments","651","620-HH-Non Food","620",Twill Blend Pant Blue (28-40),"379423"
"651-Garments","651","620-HH-Non Food","620",Twill Blend Pant Gray (28-40),"379424"
"651-Garments","651","620-HH-Non Food","620",Twill Blend Pant Brown (28-40),"379425"
"651-Garments","651","620-HH-Non Food","620",T Shirt Long Sleev (Assorted Size & Colour ),"379406"
"651-Garments","651","620-HH-Non Food","620",Trouser Black (28-36),"379501"
"221-Marketing Items","221","620-HH-Non Food","620",Power Bank,"777134"
"675-DR Oth","052","107-DR-Oth","107",PRAN Orange Plus Instant Drink 700gm X 6 Jar,"105815"
"675-DR Oth","052","107-DR-Oth","107",PRAN Mango Plus Instant Drink 500gm X 18 Jar,"105816"
"675-DR Oth","052","107-DR-Oth","107",PRAN Mango Plus Instant Drink 700gm X 6 Jar,"105817"
"170-Cnr Hot","170","130-SN-BD","130",PRAN Masala Nimki 300gX 16 jar,"104162"
"651-Garments","651","620-HH-Non Food","620",T-Shirt PK POLO Koler (Assorted Size & Colour),"379407"
Barbican,"107","107-DR-Oth","107",Barbican Apple CAN 250ml X 24 pcs,"105910"
"091-Enez-Oth","091","115-VitaPower","115",Barbican Pineapple CAN 250ml X 24 pcs,"105911"
Barbican,"107","107-DR-Oth","107",Barbican Strawberry CAN 250ml X 24 pcs,"105912"
Barbican,"107","107-DR-Oth","107",Barbican Pomegranate CAN 250ml X 24 pcs,"105913"
"441-Cooking Rice","441","170-Rice","170",PRAN Super Import Beras  1 X 10 kg ,"101256"
Barbican,"107","107-DR-Oth","107",Barbican Malt  CAN 250ml X 24 pcs,"105914"
"230-Noodles","230","135-SN-GLB","135",Pran Noodles Cheese  85gm X 24 pcs,"107838"
"230-Noodles","230","135-SN-GLB","135",Pran Noodles Hot & Spicy 85gm X 24 pcs,"107839"
"230-Noodles","230","135-SN-GLB","135",Pran Noodles Kimchi 85gm X 24 pcs,"107840"
"230-Noodles","230","135-SN-GLB","135",Pran Noodles BBQ Chicken 85gm X 24 pcs,"107841"
"230-Noodles","230","135-SN-GLB","135",Pran Noodles Super Spicy 85gm X 24 pcs,"107842"
"113-CSD-Oth","113","116-CSD","116",KUKU Bima Orange (4.5gx6) X 10X 12Box,"105820"
"113-CSD-Oth","113","116-CSD","116",KUKU Bima Grape (4.5gx6) X 10X 12Box,"105821"
"113-CSD-Oth","113","116-CSD","116",KUKU Bima Mango (4.5gx6) X 10X 12Box,"105822"
"651-Garments","651","620-HH-Non Food","620",Jeans Pant Long Black Ass (28-42),"379393"
"651-Garments","651","620-HH-Non Food","620",Jeans Pant Long MID Blue Ass (28-42),"379394"
"651-Garments","651","620-HH-Non Food","620",Short Pant Jarsi (Assorted Size & Colour ),"379431"
"277-Bisc-Cookie","277","145-Biscuit","145",Bisk Club Tinny Bites 25gX3 pcs X 24 Box,"102746"
"100-RFL Plastic","600","620-HH-Non Food","620",Marigold Vacuum Flask 500 ml,"921551"
"100-RFL Plastic","600","620-HH-Non Food","620",Marigold Vacuum Flask 1000 ml,"921550"
"100-RFL Plastic","600","620-HH-Non Food","620","16"" RTG Handle Tray ","899972"
"100-RFL Plastic","600","620-HH-Non Food","620","3 PK Mixing Bowl Set","92441"
"100-RFL Plastic","600","620-HH-Non Food","620",Single SS Water Bottle 700 ml,"623363"
"651-Garments","651","620-HH-Non Food","620",Truser (payjama) White (38-44),"379502"
"651-Garments","651","620-HH-Non Food","620",Panjabi Regular (40-44),"379511"
"651-Garments","651","620-HH-Non Food","620",Panjabi Regular BD  (40-44),"379512"
"651-Garments","651","620-HH-Non Food","620",Lungi Regular,"379513"
"651-Garments","651","620-HH-Non Food","620",Lungi Regular BD,"379514"
"651-Garments","651","620-HH-Non Food","620",Ghamcha 4 pcs Set,"379515"
"651-Garments","651","620-HH-Non Food","620",CK BOXER 03 pcs Set (S-XXL),"379516"
"651-Garments","651","620-HH-Non Food","620",Muja 04 X 3 pcs Set,"379517"
"651-Garments","651","620-HH-Non Food","620",Santo Genji S - XXL,"379518"
"390-Spc Whl","390","150-Spc","150",Whole Cardamom(Elacchi) 1000gm,"105304"
"390-Spc Whl","390","150-Spc","150",Pran Whole Dry Chilli 40gm X 50 Pcs,"105317"
"675-DR Oth","052","107-DR-Oth","107",PRAN Mango Plus Instant Drink 200gm X 30 pcs,"105818"
"675-DR Oth","052","107-DR-Oth","107",PRAN Orange Plus Instant Drink 200gm X 30 pcs,"105819"
"300-Wafer","300","146-Bakery","146",EUROPA Roll Wafer Chocolate (8gX10pcs)80GX24BOX,"102737"
"300-Wafer","300","146-Bakery","146",EUROPA Roll Wafer Milk (8gX10pcs)80GX24BOX,"102738"
"300-Wafer","300","146-Bakery","146",EUROPA Roll Wafer Vanilla (8gX10pcs)80GX24BOX,"102739"
Layer Cake,"147","146-Bakery","146",Pran Cream Filled Cup Cake Vanilla 18gX4 pcsX30 pack,"102768"
Layer Cake,"147","146-Bakery","146",Pran Cream Filled Cup Cake Chocolate 18gX4 pcsX30 pack,"102769"
"404-C BEAN","404","160-Confec","160",Treat Choco Ball 08gX24 pcs X 12 Pouch,"103223"
"274-Bisc-Cracker","274","145-Biscuit","145",Pran Glucose Biscuits 30gmx5pcsX24combo,"102747"
"274-Bisc-Cracker","274","145-Biscuit","145",Pran Malt & Milk Biscuits 30gX5pX24comboo,"102748"
"274-Bisc-Cracker","274","145-Biscuit","145",Pran Nice Biscuits 30gX5pX24comboo,"102749"
"277-Bisc-Cookie","277","145-Biscuit","145",Pran Saltino Cookies 130gm X12 pcs,"102750"
"277-Bisc-Cookie","277","145-Biscuit","145",Pran Super Cookies 130gX12 pcs,"102751"
"277-Bisc-Cookie","277","145-Biscuit","145",Pran Malt Cookies 130gX12 pcs,"102752"
"440-Basmathi Rice","440","170-Rice","170",Beras Basmati Steam 1121  50gk X 1,"101257"
"113-CSD-Oth","113","116-CSD","116",KUKU Bima Jambu (4.5gx6) X 10X 12Box,"105823"
"113-CSD-Oth","113","116-CSD","116",KUKU Bima Nanas (4.5gx6) X 10X 12Box,"105824"
"113-CSD-Oth","113","116-CSD","116",KUKU Bima Merah (4.5gx6) X 10X 12Box,"105825"
"651-Garments","651","620-HH-Non Food","620",Winer Mens Panjabi Premium- S (38),"379531"
"651-Garments","651","620-HH-Non Food","620",Winer Mens Panjabi Premium- M (40),"379532"
"651-Garments","651","620-HH-Non Food","620",Winer Mens Panjabi Premium- L (42),"379533"
"651-Garments","651","620-HH-Non Food","620",Winer Mens Panjabi Premium- XL (44),"379534"
"651-Garments","651","620-HH-Non Food","620",Winer Mens Panjabi Premium- XXL (46),"379535"
"651-Garments","651","620-HH-Non Food","620",Winner Panjabi - 42,"379519"
"651-Garments","651","620-HH-Non Food","620",Winner Panjabi - 44,"379520"
"110-Others Stock","1109","625-Stationery Items","625",Pran Natural Soft Hanging Tissue 10 pack (MT),"378810"
"091-Enez-Oth","091","115-VitaPower","115",IDOPA COLA Can 325ml X 24 pcs,"105917"
"143-Cream","143","120-Dairy","120",KARA Coconut KRIM 01L X 12 pcs,"105790"
"440-Basmathi Rice","440","170-Rice","170",PRAN 1121 Sella Cream Rice 01kg X 20 pcs,"101258"
"440-Basmathi Rice","440","170-Rice","170",PRAN 1121 Golden Pusa Rice 01kg X 20 pcs,"101259"
"390-Spc Whl","390","150-Spc","150",Whole Cumin(Jeera) Seeds 500gm ±,"105318"
"390-Spc Whl","390","150-Spc","150",Kala Jeera ( Black Cumin) 01kg,"105319"
"390-Spc Whl","390","150-Spc","150",Kala Jeera ( Black Cumin) 500gm,"105320"
"240-Cup Ndl","240","135-SN-GLB","135",MR. Noodles Vegetable 60GX24PCS ( Paper Cup),"107817"
"240-Cup Ndl","240","135-SN-GLB","135",MR. Noodles Beef 60GX24PCS ( Paper Cup),"107818"
"210-Fried Snacks","210","130-SN-BD","130",PRAN Muri MOA 12gX20pcsX15jar,"107526"
"406-C BAR","406","160-Confec","160",DESSERT Chocolate Coated Bar 6gX8PcsX24Box,"103224"
"406-C BAR","406","160-Confec","160",Treat Peanut Chocolate Bar 6gX8pcsX24 Box,"103225"
"406-C BAR","406","160-Confec","160",TREAT COCO CHOCO COCONUT BAR8GX8PCSX24BOX,"103226"
"406-C BAR","406","160-Confec","160",BABYLON COCONUT BAR8GX8PCSX24BOX,"103227"
"409-LOLIPOP","409","160-Confec","160",HALLOWEEN POP TAG 10gX5PcsX24Pouch,"103233"
"130-Lassi","120","120-Dairy","120",Fresh MOO Yogurt Flavored Drink 80mlX6pcsX08wrap,"105791"
"130-Lassi","120","120-Dairy","120",Fresh MOO Green Apple Flavored Drink 80mlX6pcsX08wrap,"105792"
"130-Lassi","120","120-Dairy","120",Fresh MOO Mango Flavored Drink 80mlX6pcsX08wrap,"105793"
"130-Lassi","120","120-Dairy","120",Fresh MOO Strewberry Flavored Drink 80mlX6pcsX08wrap,"105794"
"072-JU-Pak-Junior","072","112-JU-Pak","112",PRAN MANGO FRUIT DRINK 125ML X 3 PCS X 8 COMBO,"108215"
"072-JU-Pak-Junior","072","112-JU-Pak","112",PRAN MIXED FRUIT DRINK 125ML X 3 PCS X 8 COMBO,"108216"
"072-JU-Pak-Junior","072","112-JU-Pak","112",PRAN PINEAPPLE FRUIT DRINK 125ML X 3 PCS X 8COMBO,"108217"
"0706-EGG","706","171-Commd","171",Egg 30 Pcs X 01 tray (Grade C),"610401"
"0706-EGG","706","171-Commd","171",Egg 30 Pcs X 01 tray (Grade D),"610402"
"072-JU-Pak-Junior","072","112-JU-Pak","112",Pran Orange Fruit Drink 125ml X3pcs X 8 Comb,"108218"
"091-Enez-Oth","091","115-VitaPower","115",Power Energy Drink (GB) 170ml X 24 pcs,"105918"
"091-Enez-Oth","091","115-VitaPower","115",P-170 Energy Drink (GB) 170ml X 24 pcs,"105919"
Layer Cake,"147","146-Bakery","146",Pran OH Cake Choco Milk 16gX8pcsX12pack,"102771"
Layer Cake,"147","146-Bakery","146",Pran OH Cake  Banana 16gX8pcsX12pack,"102772"
Sweet,"134",SwtBak,"440",Sweet DOI ,"660101"
Sweet,"134",SwtBak,"440",Vija Mishti 03 pcs,"660102"
Sweet,"134",SwtBak,"440",Vija Mishti 05 pcs,"660103"
Sweet,"134",SwtBak,"440",Big Mishti 12 pcs,"660104"
Bakery,"444",SwtBak,"440",Roti Bone,"660201"
Bakery,"444",SwtBak,"440",Cake Regular,"660202"
Bakery,"444",SwtBak,"440",Gojha,"660203"
Bakery,"444",SwtBak,"440",Biscuits Jar 20pcs Tradional Cookies,"660204"
"540-Pkl","540","180-HH-Food","180",Pran Amm Vog Pickle 400gm X 12 pcs,"107396"
"540-Pkl","540","180-HH-Food","180",Pran Amm Vog Pickle 200gm X 24 pcs,"107397"
"540-Pkl","540","180-HH-Food","180",Pran Alubokhara Pickle 200gm X 24pcs ,"107398"
"540-Pkl","540","180-HH-Food","180",Pran Black Cumin Seed with Garlic Pickle 400gm X 12 jar,"107399"
"540-Pkl","540","180-HH-Food","180",Pran Lemon Pickle 300gm X 12 Jar,"107400"
"520-Sauce","520","180-HH-Food","180",Pran BBQ Sauce 280gm X 12 Jar,"107352"
"520-Sauce","520","180-HH-Food","180",Pran Coriander Sauce 250gm X 24 jar,"107353"
"520-Sauce","520","180-HH-Food","180",Pran Rose Water 330mlLX24 pcs,"107356"
"402-CANDY","402","160-Confec","160",Pran Coffee candy 119gX24Pack ,"103330"
"402-CANDY","402","160-Confec","160",Pran Cappuccino candy 119gX48Pack,"103331"
"402-CANDY","402","160-Confec","160",Pran Cappuccino candy 119gX24Pack,"103332"
Vegetable,"420","171-Commd","171",Ginger Thai 9.5 kg X 01 +_,"610072"
Vegetable,"420","171-Commd","171",Ginger China 8.5 kg X 01 +_,"610073"
Bakery,"444",SwtBak,"440",Badam Vaja ,"660205"
Bakery,"444",SwtBak,"440",Nimki,"660206"
Bakery,"444",SwtBak,"440",Monakka,"660207"
Sweet,"134",SwtBak,"440",Chana Mishti 03 pcs,"660105"
Sweet,"134",SwtBak,"440",Roshmalai,"660106"
Sweet,"134",SwtBak,"440",Sabu,"660107"
Bakery,"444",SwtBak,"440",Biscuits Jar 20pcs (Danish),"660208"
Bakery,"444",SwtBak,"440",Biscuits Jar 20pcs (Mobile Pitha),"660209"
Bakery,"444",SwtBak,"440",Biscuits Jar 20pcs (Patis),"660210"
Bakery,"444",SwtBak,"440",Biscuits Jar 20pcs (Singara),"660211"
Bakery,"444",SwtBak,"440",Switch Bun,"660212"
Vegetable,"420","171-Commd","171",Red Potato 07kg X 1 +,"610091"
Bakery,"444",SwtBak,"440",Biscuits Jar 20pcs (Dry Cake),"660213"
Bakery,"444",SwtBak,"440",Biscuits Jar 20pcs (Chaka),"660214"
Bakery,"444",SwtBak,"440",Biscuits Jar 20pcs (Khasta),"660215"
"130-SN-BD","130","130-SN-BD","130","15 KG VIJHA MISTI SPECIAL","660108"
"130-SN-BD","130","130-SN-BD","130","15 KG ROSHMALAI SPECIAL","660109"
Sweet,"134",SwtBak,"440",TOK DOI,"660110"
Sweet,"134",SwtBak,"440",MATHA,"660111"
"281-Tst-Trad","281","147-Toast","147",Pran Sweet Toast 750gm X 6 Jar,"109125"
"281-Tst-Trad","281","147-Toast","147",Pran Toast Soft Crunchi 750gm * 6 jar,"109126"
"402-CANDY","402","160-Confec","160",Pran Coffee Candy 3.5gmX180pcsX 15 jar,"103333"
"402-CANDY","402","160-Confec","160",Pran Cappuccino Candy 3.5g * 180pcs * 15jar,"103334"
Layer Cake,"147","146-Bakery","146",OH Cake Strawberry Flavour 16g * 24pcs * 12box,"102763"
Layer Cake,"147","146-Bakery","146",OH Cake PANDAN Flavour 16g * 24pcs * 12 box,"102764"
Layer Cake,"147","146-Bakery","146",Pran Donat Cake Vanilla with Chocolate 30gmX 3 pcsX 32 pack,"102767"
Vegetable,"420","171-Commd","171",Banana (Pisang) Philippines 13kg,"610421"
Vegetable,"420","171-Commd","171",(Taro Roots) Keladi thai 3.8Kg,"610422"
Vegetable,"420","171-Commd","171",Green Chilli (Api hijau) 7kg (AAA),"610423"
Vegetable,"420","171-Commd","171",(Potato hollen) Ubi Holland 8kg,"610424"
Vegetable,"420","171-Commd","171",Tomato Cameron 10kg,"610425"
Vegetable,"420","171-Commd","171",Garlic (Bawang Putih) 8kg X 1,"610082"
Vegetable,"420","171-Commd","171",Chingri  maas 01 kg,"610426"
Vegetable,"420","171-Commd","171",Koral maas 01 kg,"610427"
Vegetable,"420","171-Commd","171",Ikan Susu 01kg,"610428"
Vegetable,"420","171-Commd","171",glass cup mass 01 kg,"610429"
Vegetable,"420","171-Commd","171",Pui shak 01 kg,"610444"
Vegetable,"420","171-Commd","171",Thai Halia tua 9kg,"610430"
Vegetable,"420","171-Commd","171",Banana kampung 01 kg,"610443"
Vegetable,"420","171-Commd","171",pata copy 01 kg,"610431"
Vegetable,"420","171-Commd","171",Sim 01 kg,"610442"
Vegetable,"420","171-Commd","171",Full copy 01 kg,"610432"
Vegetable,"420","171-Commd","171",duniya pata 1kg,"610441"
Vegetable,"420","171-Commd","171",Lal alo 01 kg,"610440"
Vegetable,"420","171-Commd","171",Limau nipis 01 kg,"610439"
Vegetable,"420","171-Commd","171",Benddi 01 kg,"610433"
Vegetable,"420","171-Commd","171",Begun hijau 01kg,"610438"
Vegetable,"420","171-Commd","171",Potol 01 kg,"610434"
Vegetable,"420","171-Commd","171",Sosa 01 kg,"610437"
Vegetable,"420","171-Commd","171",Korola 01 kg,"610435"
Vegetable,"420","171-Commd","171",Mula 01 kg,"610436"
Sweet,"134",SwtBak,"440",CUP Tok Doi,"660112"
"702-Fish Oth","702","310-Fish","310",Deshi Puti 200gm X 25 pcs,"630322"
Vegetable,"420","171-Commd","171",Palong Shak 01 Kg,"610447"
Vegetable,"420","171-Commd","171",BorBoti  (KACANG PANJANG) 01 KG,"610448"
Vegetable,"420","171-Commd","171",Begun Big (TERUNG PUTIH) 01 KG,"610449"
Vegetable,"420","171-Commd","171",DunDul 01kg,"610450"
Vegetable,"420","171-Commd","171",Shal Gom 01 kg,"610451"
Vegetable,"420","171-Commd","171",Usta (PERAKATA) SMALL 01 KG,"610452"
Vegetable,"420","171-Commd","171",Sorisa shak (BAYAM) 01 KG,"610453"
Vegetable,"420","171-Commd","171",Lal Shak 01 KG,"610454"
Vegetable,"420","171-Commd","171",Apple fujji 01 kg,"610551"
Vegetable,"420","171-Commd","171",MANGO SUSU 17kg,"610552"
"702-Fish Oth","702","310-Fish","310",PANGASH (IKAN PATIN) 01 KG,"630323"
"702-Fish Oth","702","310-Fish","310",RUI MAAD (IKAN RUHO) 01 KG,"630324"
"702-Fish Oth","702","310-Fish","310",SELAR FISH (IKAN SELAR) 01 KG,"630325"
"702-Fish Oth","702","310-Fish","310",SILVER CUP (IKAN SIVER) 01 KG,"630326"
"851-B. BEEF","851","330-MEAT","330",BRISKET BONE (TULANG) 01 kg,"630407"
"851-B. BEEF","851","330-MEAT","330",AYAM FRESH 01 KG,"630408"
"272-Bisc-Cream","272","145-Biscuit","145",Bisk Club Shero Chocolate Cream Biscuit 138gX24pcs,"102753"
"272-Bisc-Cream","272","145-Biscuit","145",Bisk Club Shero Strawberry Cream Biscuit 138gX24pcs,"102754"
Vegetable,"420","171-Commd","171",Manga muda 01 kg,"610445"
Vegetable,"420","171-Commd","171",Law Bd 01 kg,"610446"
Vegetable,"420","171-Commd","171",Limau (BD) 01 kg,"610455"
Vegetable,"420","171-Commd","171",Fresh Alo 01 Kg,"610456"
"702-Fish Oth","702","310-Fish","310",Shing Fish 01 Kg,"630327"
"110-Others Stock","1109","625-Stationery Items","625",Baby Wet Wipes 80 pcs X 32 pack,"378755"
Vegetable,"420","171-Commd","171",Garlic 01 KG,"510457"
Vegetable,"420","171-Commd","171",Onion 01 KG,"510458"
Vegetable,"420","171-Commd","171",Gajor 01 KG,"510459"
"705-HILSHA","705","310-Fish","310",Hilsha 3-5 (10kg),"530341"
"702-Fish Oth","702","310-Fish","310",Ikan Jelowat 01 KG,"530328"
"702-Fish Oth","702","310-Fish","310",Lal Telapiya 01 kg,"530319"
"851-B. BEEF","851","330-MEAT","330",Beef Slice 01 KG,"630409"
Vegetable,"420","171-Commd","171",Garlic 01 KG,"610457"
Vegetable,"420","171-Commd","171",Onion 01 KG,"610458"
Vegetable,"420","171-Commd","171",Gajor 01 KG,"610459"
"705-HILSHA","705","310-Fish","310",Hilsha 3-5 (10kg),"630341"
"702-Fish Oth","702","310-Fish","310",Ikan Jelowat 01 KG,"630328"
"63-SOAP","630","623-Cosmetics","623",Dettol Soap Lasting Fresh (100gmX144pcs),"650471"
"405-ECLAIR","405","160-Confec","160",Treat Sweet Éclair Chocolate Assorted 5gX1 kg X10 pack,"103234"
"143-Cream","143","120-Dairy","120",Pran Sweetened Creamer 500gmx24pcs (Easy open),"107806"
Bakery,"444",SwtBak,"440",Biscuits Jar 20pcs (masor),"660216"
Bakery,"444",SwtBak,"440",Biscuits Jar 20pcs (Khawja),"660217"
"851-B. BEEF","851","330-MEAT","330",Duck Meat 01 KG,"630410"
Vegetable,"420","171-Commd","171",Kach Kola 01 KG,"610460"
Vegetable,"420","171-Commd","171",Yellow Dal 01 KG,"610464"
Vegetable,"420","171-Commd","171",KAKROL 01 KG,"610461"
Vegetable,"420","171-Commd","171",MISTY KUMRA 01 KG,"610462"
Vegetable,"420","171-Commd","171",GUAVA 01 KG,"610463"
Bakery,"444",SwtBak,"440",All Time Bakery Cookies 300 gm× 30 Pack,"660218"
Sweet,"134",SwtBak,"440",Roshogolla 03 pcs,"660113"
Sweet,"134",SwtBak,"440",Cream Jam 03 pcs,"660114"
Sweet,"134",SwtBak,"440",Coconut Sweets 03 pcs,"660115"
Sweet,"134",SwtBak,"440",Mawa Chamcham 03 pcs,"660116"
Sweet,"134",SwtBak,"440",Baby Sweets 10 Pcs,"660117"
"441-Cooking Rice","441","170-Rice","170",Super Import Beras JATI (ISTIMEWA) 1 X 05 kg,"101260"
Vegetable,"420","171-Commd","171",Potato 04Kg X 01+-,"610092"
"320-Spc Pch","320","150-Spc","150",Turmeric Powder  250gm X 20 Pack(BD),"105340"
"320-Spc Pch","320","150-Spc","150",Chilli Powder 125gm/40pc-Ctn (BD),"105342"
"320-Spc Pch","320","150-Spc","150",Coriander Powder 125gm/40pc-Ctn(BD),"105345"
"320-Spc Pch","320","150-Spc","150",Coriander 250gm X 20 Pack(BD),"105346"
"320-Spc Pch","320","150-Spc","150",Meat Curry(125gmx40) (BD),"105348"
"320-Spc Pch","320","150-Spc","150",Fish Curry(125gmx40) (BD),"105351"
"320-Spc Pch","320","150-Spc","150",Cumin Powder(125gmx40) (BD),"105354"
"320-Spc Pch","320","150-Spc","150",Turmeric Powder 125gm/40pc-ctn(BD),"105339"
"360-Spc-Parer Pack","360","150-Spc","150",PRAN BIRIYANI MASALA PP (50gm X 24Pack),"105336"
"360-Spc-Parer Pack","360","150-Spc","150",PRAN MEAT MASALA PP (100gm X24 Pack),"105334"
"360-Spc-Parer Pack","360","150-Spc","150",PRAN BORHANI MIX PP (100gm X 24Pack),"105337"
"360-Spc-Parer Pack","360","150-Spc","150",PRAN KACCHI BIRIYANI PP (100gm X 24Pack),"105338"
"360-Spc-Parer Pack","360","150-Spc","150",BOMBAY BIRIYANI MASALA (P.Pk) 100Gm X 24Pcs,"105333"
"360-Spc-Parer Pack","360","150-Spc","150",CHICKEN ROAST MASALA PP (100gm X 24Pack),"105335"
"540-Pkl","540","180-HH-Food","180",PRAN NAGA Pickle (HDPE JAR) 1000gm X 12pcs,"107401"
"320-Spc Pch","320","150-Spc","150",Meat Curry Powder 250gm X 20 Pack (BD),"105349"
"320-Spc Pch","320","150-Spc","150",Chilli Powder 250gm X 20 Pack (BD),"105343"
"274-Bisc-Cracker","274","145-Biscuit","145",Hide & seek 50GM X 60P,"109475"
"274-Bisc-Cracker","274","145-Biscuit","145",Parle G Gold 125GM X 72P,"109471"
"274-Bisc-Cracker","274","145-Biscuit","145",Parle Marie 150GM X 25P,"109472"
"274-Bisc-Cracker","274","145-Biscuit","145",Hide & Seek Chocolate Black 100GMX36P,"109473"
"274-Bisc-Cracker","274","145-Biscuit","145",Hide & Seek Vanilla Black 100GMX36P,"109474"
"274-Bisc-Cracker","274","145-Biscuit","145",PARLE-G OATS & BERRIES 300GMX28P,"109507"
"274-Bisc-Cracker","274","145-Biscuit","145",MONACO PIZZA 120GX 40P,"109505"
"274-Bisc-Cracker","274","145-Biscuit","145",PARLE FAB! CHOCOLATE 120GMX48P,"109503"
"274-Bisc-Cracker","274","145-Biscuit","145",PARLE-G OATS & BERRIES 93.7GX72P,"109511"
"274-Bisc-Cracker","274","145-Biscuit","145",PARLE MARIE 255GX24P,"109510"
"274-Bisc-Cracker","274","145-Biscuit","145",PARLE-G ROYALE 360G(72*5),"109500"
"274-Bisc-Cracker","274","145-Biscuit","145",HIDE & SEEK CHOX CKS 75GMX48P,"109499"
"274-Bisc-Cracker","274","145-Biscuit","145",PARLE G GOLD 100G X 72P,"109497"
"274-Bisc-Cracker","274","145-Biscuit","145",Parle MILK POWER 56G X 48,"109498"
"274-Bisc-Cracker","274","145-Biscuit","145",PARLE FAB! Vanilla 120G X48P,"109504"
"274-Bisc-Cracker","274","145-Biscuit","145",Kream Gold Round Pineapple 75.6GMX48P,"109496"
"274-Bisc-Cracker","274","145-Biscuit","145",Kream Gold Round Vanilla 75.6GMX48P,"109494"
"274-Bisc-Cracker","274","145-Biscuit","145",Kream Gold Round Chocolate 75.6GMX48P,"109493"
"274-Bisc-Cracker","274","145-Biscuit","145",Parle Nice 56G X 48,"109492"
"274-Bisc-Cracker","274","145-Biscuit","145",Parle G 56.4G X 48,"109490"
"274-Bisc-Cracker","274","145-Biscuit","145",Parle G Royal 100G X 120,"109491"
"274-Bisc-Cracker","274","145-Biscuit","145",Hide & Seek Mocha 75G X 60,"109489"
"274-Bisc-Cracker","274","145-Biscuit","145",Hide & Seek American Cashew 91.4GMX60P,"109488"
"274-Bisc-Cracker","274","145-Biscuit","145",Hide & Seek American Butter 91.4GMX60P,"109487"
"274-Bisc-Cracker","274","145-Biscuit","145",Parle Happy Happy 72G x 96,"109486"
"274-Bisc-Cracker","274","145-Biscuit","145",Hide & Seek CF Mix Berries 75GMX48P,"109485"
"274-Bisc-Cracker","274","145-Biscuit","145",Hide & Seek CF Choco Delight 75GMX48,"109484"
"274-Bisc-Cracker","274","145-Biscuit","145",Parle Top 100GM X 48P,"109483"
"274-Bisc-Cracker","274","145-Biscuit","145",Parle Monaco 63.3G X 50P,"109482"
"274-Bisc-Cracker","274","145-Biscuit","145",Hide & Seek Choco Rolls 125GMX48P,"109509"
"274-Bisc-Cracker","274","145-Biscuit","145",Hide & Seek Fab Vanilla  112GMX60P,"109508"
"274-Bisc-Cracker","274","145-Biscuit","145",Hide & Seek Fab Strawberry 112GMX60P,"109479"
"274-Bisc-Cracker","274","145-Biscuit","145",Nutricrunch Cookies Honey 100GMX60P,"109478"
"274-Bisc-Cracker","274","145-Biscuit","145",Nutricrunch Cookies Classic 100GMX60P,"109477"
"274-Bisc-Cracker","274","145-Biscuit","145",Parle Rusk 300GM X 24P,"109476"
"274-Bisc-Cracker","274","145-Biscuit","145",Kream Gold Round Orange 75.6GMX48P,"109495"
"274-Bisc-Cracker","274","145-Biscuit","145",Parle-G Gluco Original 188GMX60P,"109506"
"276-Bisc-Cookie Jar","276","145-Biscuit","145",All Time (Big Cookies) Vanilla Jar 1000gm X 6 Jar,"102802"
"276-Bisc-Cookie Jar","276","145-Biscuit","145",All Time (Big Cookies) Sesame Jar 1000gm X 6 Jar,"102801"
"409-LOLIPOP","409","160-Confec","160",Pran Lollipop Swing Fruits 4g X 60pcs X 8jar,"103236"
"406-C BAR","406","160-Confec","160",Treat Nougate Bar 6gX8pcsX24box,"103228"
"406-C BAR","406","160-Confec","160",Treat Chocoball 8gX8pcsX24box,"103230"
"406-C BAR","406","160-Confec","160",Sixers Chocolate Coated Bar 6gX8pcsX24box,"103235"
"300-Wafer","300","146-Bakery","146",Europa wafer Milk 16gm X 5pcs X 24 Combo,"102903"
"300-Wafer","300","146-Bakery","146",Europa wafer Strawberry 16gm X 5pcs X 24 Combo,"102902"
"300-Wafer","300","146-Bakery","146",Europa wafer Chocolate 16gm X 5pcs X 24 Combo,"102901"
"69-Blade","690","623-Cosmetics","623",Super Max Shaving Rezer (3 blade) 24p X 2set X12 box,"650472"
Vegetable,"420","171-Commd","171",Onion (Bawang) IND 07 X 1+-,"610062"
"320-Spc Pch","320","150-Spc","150",Fish Curry Powder 250gm X 20 Pack (BD),"105352"
"276-Bisc-Cookie Jar","276","145-Biscuit","145",All Time (Big Cookies) Peanut Jar 1000gm X 6 Jar,"102803"
